ID,英文名稱,中文名稱,圖片,職等,機關名稱,一級單位名稱中文,一級單位名稱英譯,一級單位主管職稱中文,一級單位主管職稱英譯,職等.1,二級單位名稱中文,二級單位名稱英譯,備註,更新日期
1499784,Director-general,組長,,,行政院,組,,,,,,,,2012-11-26
1499785,Director-general,主任,,,行政院,室,,,,,,,,2012-11-26
1499786,Director-general (涉外單位)/Director (一般單位),司長,,,部,司,,,,,,,,2012-11-26
1499787,Deputy Director-general (涉外單位) / Deputy Director (一般單位),副司長,,,部,司,,,,,,,,2012-11-26
1499788,Director-general (涉外單位) / Director (一般單位),處長,,,中央局、會、署,處,,,,,,,,2012-11-26
1499789,Deputy Director-general (涉外單位) / Deputy Director (一般單位),副處長,,,中央局、會、署,處,,,,,,,,2012-11-26
1499790,Director,主任,,,部、會、局、處、署,室,,,,,,,,2012-11-26
1499791,Deputy Director,副主任,,,部、會、局、處、署,室,,,,,,,,2012-11-26
1499792,Director,主任,,,部、會、局、處、署,中心,,,,,,,,2012-11-26
1499793,Deputy Director,副主任,,,部、會、局、處、署,中心,,,,,,,,2012-11-26
1499794,Chairperson,主任委員,,,部、會、局、處、署,內部委員會或小組  ,,,,,,,,2012-11-26
1499795,Vice Chairperson,副主任委員,,,部、會、局、處、署,內部委員會或小組  ,,,,,,,,2012-11-26
1499796,Chairperson,召集人 ,,,部、會、局、處、署,內部委員會或小組  ,,,,,,,,2012-11-26
1499797,Vice Chairperson,副召集人,,,部、會、局、處、署,內部委員會或小組  ,,,,,,,,2012-11-26
1499798,Executive Secretary,執行秘書,,,部、會、局、處、署,內部委員會或小組  ,,,,,,,,2012-11-26
1499799,Deputy Executive Secretary,副執行秘書,,,部、會、局、處、署,內部委員會或小組  ,,,,,,,,2012-11-26
1499800,Chairperson,會長,,,外交部,協會〈亞東關係協會〉,,,,,,,,2012-11-26
1499801,Vice Chairperson,副會長,,,外交部,協會〈亞東關係協會〉,,,,,,,,2012-11-26
1499802,Director,組長,,,外交部,組,,,,,,,,2012-11-26
1499803,Deputy Director,副組長,,,外交部,組,,,,,,,,2012-11-26
1499804,Publisher,社長,,,僑務委員會,僑委會華僑通訊社,,,,,,,,2012-11-26
1499805,Deputy Publisher,副社長,,,僑務委員會,僑委會華僑通訊社,,,,,,,,2012-11-26
1499806,…..Chief,組長,,,部、會、局、處、署,小組〈任務編組〉,,,,,,,,2012-11-26
1499807,Consumer Ombudsman Officer,消費者保護官,,,行政院消費者保護委員會,消費者保護官,,,,,,,,2012-11-26
1499808,Director,組長,,,行政院消費者保護委員會,組,,,,,,,,2012-11-26
1499809,Deputy Director,副組長,,,行政院消費者保護委員會,組,,,,,,,,2012-11-26
1499810,Director,總隊長,,,行政院環境保護署,總隊〈環境督察總隊〉,,,,,,,,2012-11-26
1499811,Deputy Director,副總隊長,,,行政院環境保護署,總隊〈環境督察總隊〉,,,,,,,,2012-11-26
1499812,Director,隊長,,,行政院海岸巡防署,隊,,,,,,,,2012-11-26
1499813,Deputy Director,副隊長,,,行政院海岸巡防署,隊,,,,,,,,2012-11-26
1499814,Director,主任,,,部、會、局、處、署,地區辦公室,,,,,,,,2012-11-26
1499815,Deputy Director,副主任,,,部、會、局、處、署,地區辦公室,,,,,,,,2012-11-26
1499816,Section Chief,科長,,,部、會、局、處、署,科,,,,,,,,2012-11-26
1499817,1. Section Chief (正式編制) ; 2. Unit Chief (非正式編制),組長,,,部、會、局、處、署,組,,,,,,,,2012-11-26
1499818,Chief,分隊長,,,部、會、局、處、署,分隊(海巡署),,,,,,,,2012-11-26
1499819,Director,主任,,10-12,臺灣省政府,室,Office,,,,,,,2012-11-26
1499820,Director,組長,,12,福建省政府,組,Division,,,,,,,2012-11-26
1499821,Director,主任,,10-11,福建省政府,室,Office,,,,,,,2012-11-26
1499822,Chief,主任,,9,臺灣省諮議會,室,Office,,,,,,,2012-11-26
1499823,Director,組長,,10-11,內政部,組,Division,,,,,,,2012-11-26
1499824,Chief,主任,,9,內政部,室,Office,,,,,,,2012-11-26
1499825,Director,主任,,,內政部,處,Division,,,,,,,2012-11-26
1499826,Director,主任,,,內政部,室,Office,,,,,,,2012-11-26
1499827,Director,主任,,,內政部,中心,Center,,,,,,,2012-11-26
1499828,Leader,隊長,,,內政部,學生總隊,Corps,,,,,,,2012-11-26
1499829,Dean,院長,,,內政部,學院,College,,,,,,,2012-11-26
1499830,Chairperson,主任,,,內政部,系,Department,,,,,,,2012-11-26
1499831,Director,主任,,,內政部,所,Institute,,,,,,,2012-11-26
1499832,Chief,組長,,9,內政部,組,Division,,,,,,,2012-11-26
1499833,Chief,主任,,8,內政部,室,Office,,,,,,,2012-11-26
1499834,Chief,主任,,9,內政部,室,Office,,,,,,,2012-11-26
1499835,Director,主任,,11,內政部,中心,Center,,,,,,,2012-11-26
1499836,Director,主任,,10,內政部,室,Office,,,,,,,2012-11-26
1499837,Chief,課長,,8,內政部,課,Section,,,,,,,2012-11-26
1499838,Chief,主任,,8,內政部,中心,Center,,,,,,,2012-11-26
1499839,Head,隊長,,,內政部,分隊,Branch,,,,,,,2012-11-26
1499840,Chief,組長,,9,內政部,組,Section,,,,,,,2012-11-26
1499841,Director,主任,,11,內政部,室,Office,,,,,,,2012-11-26
1499842,Chief,課長,,8,內政部,課,Section,,,,,,,2012-11-26
1499843,Chief,主任,,8,內政部,管理站,Station,,,,,,,2012-11-26
1499844,Chief,課長,,8,內政部,課,Section,,,,,,,2012-11-26
1499845,Chief,主任,,8,內政部,室,Office,,,,,,,2012-11-26
1499846,Chief,主任,,8,內政部,中心,Center,,,,,,,2012-11-26
1499847,Chief,隊長,,8-9,內政部,測量隊,Survey Team,,,,,,,2012-11-26
1499848,Chief,組長,,8,內政部,組,Section,,,,,,,2012-11-26
1499849,Chief,主任,,8,內政部,室,Office,,,,,,,2012-11-26
1499850,Captain,隊長,,8,內政部,隊,Brigade,,,,,,,2012-11-26
1499851,Chief,主任,,8,內政部,所,Branch,,,,,,,2012-11-26
1499852,Chief,課長,,8,內政部,課,Section,,,,,,,2012-11-26
1499853,Chief,主任,,8,內政部,室,Office,,,,,,,2012-11-26
1499854,Chief,課長,,8-9,內政部,課,Section,,,,,,,2012-11-26
1499855,Chief,主任,,8-9,內政部,室,Office,,,,,,,2012-11-26
1499856,Chief,課長,,8-9,內政部,課,Section,,,,,,,2012-11-26
1499857,Chief,隊長,,8-9,內政部,測量隊,Survey Team,,,,,,,2012-11-26
1499858,Chief,主任,,8-9,內政部,室,Office,,,,,,,2012-11-26
1499859,Chief,課長,,8,內政部,課,Section,,,,,,,2012-11-26
1499860,Chief,組長,,8,內政部,組,Division,,,,,,,2012-11-26
1499861,Chief,主任,,8,內政部,室,Office,,,,,,,2012-11-26
1499862,Chief,組長,,8,內政部,組,Division,,,,,,,2012-11-26
1499863,Chief,主任,,8,內政部,室,Office,,,,,,,2012-11-26
1499864,Chief,課長,,8,內政部,課,Section,,,,,,,2012-11-26
1499865,Chief,主任,,8,內政部,室,Office,,,,,,,2012-11-26
1499866,Chief,組長,,8,內政部,組,Division,,,,,,,2012-11-26
1499867,Chief,主任,,8,內政部,室,Office,,,,,,,2012-11-26
1499868,Chief,課長,,8,內政部,課,Section,,,,,,,2012-11-26
1499869,Chief,主任,,8,內政部,室,Office,,,,,,,2012-11-26
1499870,Chief,組長,,8,內政部,組,Division,,,,,,,2012-11-26
1499871,Chief,主任,,9,內政部,室,Office,,,,,,,2012-11-26
1499872,Chief,主任,,9,內政部,指揮中心,Center,,,,,,,2012-11-26
1499873,Captain,隊長,,8-9,內政部,隊,Brigade,,,,,,,2012-11-26
1499874,Chief,課長,,8,內政部,課,Section,,,,,,,2012-11-26
1499875,Chief,課長,,8,內政部,課,Section,,,,,,,2012-11-26
1499876,Chief,主任,,8,內政部,室,Office,,,,,,,2012-11-26
1499877,Chief,台長,,8,內政部,中繼台,Relay Station,,,,,,,2012-11-26
1499878,Chief,課長,,8,內政部,課,Section,,,,,,,2012-11-26
1499879,Chief,主任,,8,內政部,室,Office,,,,,,,2012-11-26
1499880,Chief,課長,,8,內政部,課,Section,,,,,,,2012-11-26
1499881,Chief,主任,,8,內政部,室,Office,,,,,,,2012-11-26
1499882,Chief,主任,,8,內政部,中心,Center,,,,,,,2012-11-26
1499883,Chief,分所長,,8,內政部,分所,Branch,,,,,,,2012-11-26
1499884,Chief,台長,,8,內政部,中繼台,Relay Station,,,,,,,2012-11-26
1499885,Chief,台長,,9,內政部,終端台,Terminal,,,,,,,2012-11-26
1499886,Chief,站長,,,內政部,站,Station,,,,,,,2012-11-26
1499887,Chief,課長,,8,內政部,課,Section,,,,,,,2012-11-26
1499888,Chief,主任,,8,內政部,室,Office,,,,,,,2012-11-26
1499889,Chief,主任,,8,內政部,中心,Center,,,,,,,2012-11-26
1499890,Chief,所長,,8,內政部,所,Branch,,,,,,,2012-11-26
1499891,Captain,隊長,,8,內政部,隊,Brigade,,,,,,,2012-11-26
1499892,Head,隊長,,8,內政部,分隊,Branch,,,,,,,2012-11-26
1499893,Leader,隊長,,8,內政部,小隊,Squad,,,,,,,2012-11-26
1499894,Chief,組長,,7,內政部,組,Section,,,,,,,2012-11-26
1499895,Chief,主任,,7,內政部,中心,Center,,,,,,,2012-11-26
1499896,Head,分隊長,,7,內政部,分隊,Branch,,,,,,,2012-11-26
1499897,Chief,組長,,,內政部,組,Section,,,,,,,2012-11-26
1499898,Chief,主任,,,內政部,室,Office,,,,,,,2012-11-26
1499899,Chief,主任,,,內政部,中心,Center,,,,,,,2012-11-26
1499900,Captain,隊長,,,內政部,隊,Brigade,,,,,,,2012-11-26
1499901,Chief,組長,,,內政部,組,Section,,,,,,,2012-11-26
1499902,Chief,主任,,,內政部,室,Office,,,,,,,2012-11-26
1499903,Chief,主任,,,內政部,中心,Center,,,,,,,2012-11-26
1499904,Captain,隊長,,,內政部,隊,Brigade,,,,,,,2012-11-26
1499905,Head,隊長,,,內政部,分隊,Branch,,,,,,,2012-11-26
1499906,Leader,隊長,,,內政部,小隊,Squad,,,,,,,2012-11-26
1499907,Chief,組長,,,內政部,組,Section,,,,,,,2012-11-26
1499908,Chief,主任,,,內政部,室,Office,,,,,,,2012-11-26
1499909,Chief,主任,,,內政部,中心,Center,,,,,,,2012-11-26
1499910,Captain,隊長,,,內政部,警官隊,Brigade,,,,,,,2012-11-26
1499911,Commander,隊長,,,內政部,大隊,Corps,,,,,,,2012-11-26
1499912,Chief,隊長,,,內政部,中隊,Company,,,,,,,2012-11-26
1499913,Leader,隊長,,,內政部,小隊,Squad,,,,,,,2012-11-26
1499914,Chief,主任,,,內政部,室,Office,,,,,,,2012-11-26
1499915,Leader,隊長,,,內政部,學生總隊,Corps,,,,,,,2012-11-26
1499916,Chairperson,主任,,,內政部,科,Department,,,,,,,2012-11-26
1499917,Chief,科長,,8,內政部,科,Section,,,,,,,2012-11-26
1499918,Chief,主任,,8-9,內政部,室,Office,,,,,,,2012-11-26
1499919,Chief,主任,,8,內政部,中心,Center,,,,,,,2012-11-26
1499920,Captain,隊長,,8,內政部,警察隊,Brigade,,,,,,,2012-11-26
1499921,Captain,隊長,,8,內政部,護車隊,Brigade,,,,,,,2012-11-26
1499922,Captain,段長,,8,內政部,警務段,Section,,,,,,,2012-11-26
1499923,Chief,科長,,,內政部,科,Section,,,,,,,2012-11-26
1499924,Chief,主任,,,內政部,室,Office,,,,,,,2012-11-26
1499925,Chief,主任,,,內政部,中心,Center,,,,,,,2012-11-26
1499926,Chief,局長,,,內政部,分局,Branch,,,,,,,2012-11-26
1499927,Captain,隊長,,,內政部,隊,Brigade,,,,,,,2012-11-26
1499928,Chief,所長,,,內政部,派出所(分駐所),Station,,,,,,,2012-11-26
1499929,Chief,科長,,,內政部,科,Section,,,,,,,2012-11-26
1499930,Chief,主任,,,內政部,室,Office,,,,,,,2012-11-26
1499931,Chief,主任,,,內政部,中心,Center,,,,,,,2012-11-26
1499932,Captain,隊長,,,內政部,隊,Brigade,,,,,,,2012-11-26
1499933,Chief,科長,,,內政部,科,Section,,,,,,,2012-11-26
1499934,Chief,主任,,,內政部,室,Office,,,,,,,2012-11-26
1499935,Captain,隊長,,,內政部,隊,Brigade,,,,,,,2012-11-26
1499936,Chief,組長,,9,外交部,組,Division,,,,,,,2012-11-26
1499937,Director,組長,,11,外交部,組,Division,,,,,,,2012-11-26
1499938,Chief,主任,,9,外交部,室,Office,,,,,,,2012-11-26
1499939,Director,主任,,11,外交部,辦事處,Office,,,,,,,2012-11-26
1499940,Chief,主任,,9,財政部,室,Office,,,,,,,2012-11-26
1499941,Chairperson,主任委員(署長兼),,,財政部,委員會,Committee,,,,,,,2012-11-26
1499942,Chief,主任,,9,財政部,室,Office,,,,,,,2012-11-26
1499943,Director,主任,,9-10,財政部,室,Office,,,,,,,2012-11-26
1499944,Chief,課長,,8,財政部,課,Section,,,,,,,2012-11-26
1499945,Chief,主任,,8,財政部,室,Office,,,,,,,2012-11-26
1499946,Chief,主任,,9,財政部,分處,Branch,,,,,,,2012-11-26
1499947,Chief,主任,,9,財政部,室,Office,,,,,,,2012-11-26
1499948,Chief,課長,,8,財政部,課,Section,,,,,,,2012-11-26
1499949,Head,股長,,7,財政部,股,Section,,,,,,,2012-11-26
1499950,Chief,科長,,9,財政部,科,Division,,,,,,,2012-11-26
1499951,Chief,主任,,9,財政部,室,Office,,,,,,,2012-11-26
1499952,Chief,組長,,9,財政部,小組 (任務),Task Force,,,,,,,2012-11-26
1499953,Chief,主任,,8-9,財政部,室,Office,,,,,,,2012-11-26
1499954,Chief,組長,,8-10,財政部,小組 (任務),Task Force,,,,,,,2012-11-26
1499955,Chairperson,主任委員,,11,財政部,委員會,Committee,,,,,,,2012-11-26
1499956,Captain,隊長,,10,財政部,機動巡查隊,Brigade,,,,,,,2012-11-26
1499957,Chief,組長,,10,財政部,小組 (任務),Task Force,,,,,,,2012-11-26
1499958,Chairperson,主任委員,,11,財政部,委員會,Committee,,,,,,,2012-11-26
1499959,Chief,組長,,9,財政部,組,Division,,,,,,,2012-11-26
1499960,Director,主任,,9-10,財政部,室,Office,,,,,,,2012-11-26
1499961,Director,組長,,10,財政部,小組,Task Force,,,,,,,2012-11-26
1499962,Director,主任,,9-11,財政部,室,Office,,,,,,,2012-11-26
1499963,Chief,科長,,9,財政部,科,Section,,,,,,,2012-11-26
1499964,Director,主任,,10,財政部,聯絡處,Office,,,,,,,2012-11-26
1499965,Director,主任,,10,財政部,室,Office,,,,,,,2012-11-26
1499966,Director,課長,,10,財政部,課,Division,,,,,,,2012-11-26
1499967,Director,主任,,14,財政部,室,Office,,,,,,,2012-11-26
1499968,Director,主任,,14,財政部,室,Office,,,,,,,2012-11-26
1499969,Director,主任,,,財政部,辦公室,Region Office,,,,,,,2012-11-26
1499970,Director,協理,,12-13,財政部,部,Department,,,,,,,2012-11-26
1499971,Works,工場,,,Works,工場,Works,,,,財政部,,,2012-12-14
1499972,Chief,課長,,9-11,財政部,課,Section,,,,,,,2012-11-26
1499973,Chief,主任,,10,財政部,系,Department,,,,,,,2012-11-26
1499974,Chief,課長,,9-10,財政部,課,Section,,,,,,,2012-11-26
1499975,Chief,主任,,9-11,財政部,室,Section,,,,,,,2012-11-26
1499976,General Manager,主任,,14,財政部,董事會秘書室,Office,,,,,,,2012-11-26
1499977,General Manager,主任,,14,財政部,室,Office,,,,,,,2012-11-26
1499978,General Manager,主任,,14,財政部,訓練所,Institute,,,,,,,2012-11-26
1499979,General Manager,主任,,14,財政部,印刷所,Works,,,,,,,2012-11-26
1499980,General Manager,經理,,14,財政部,逾放中心,Center,,,,,,,2012-11-26
1499981,Manager,科長,,11,財政部,科,Section,,,,,,,2012-11-26
1499982,Director,組主任,,10,教育部,組,Division,,,,,,,2012-11-26
1499983,Director,主任,,10,教育部,室,Office,,,,,,,2012-11-26
1499984,Chairperson,主委,,,教育部,委員會,Committee,,,,,,,2012-11-26
1499985,Chief,組主任,,9,教育部,組,Division,,,,,,,2012-11-26
1499986,Chief,主任,,9,教育部,室,Office,,,,,,,2012-11-26
1499987,Director,組長,,10,教育部,組,Division,,,,,,,2012-11-26
1499988,Director,主任,,10,教育部,室,Office,,,,,,,2012-11-26
1499989,Director,所長,,10-11,教育部,中山樓管理所,Office,,,,,,,2012-11-26
1499990,Chief,館長,,,教育部,圖書館(任務),Library,,,,,,,2012-11-26
1499991,Director,組主任,,,教育部,組,Division,,,,,,,2012-11-26
1499992,Director,主任,,,教育部,室,Office,,,,,,,2012-11-26
1499993,Director,主任,,,教育部,中心,Center,,,,,,,2012-11-26
1499994,Director,主任,,,教育部,處,Department,,,,,,,2012-11-26
1499995,Chief,組長,,9-10,教育部,組,Division,,,,,,,2012-11-26
1499996,Chief,主任,,9,教育部,室,Office,,,,,,,2012-11-26
1499997,Chief,隊長,,9,教育部,隊(京劇、豫劇隊),Troupe,,,,,,,2012-11-26
1499998,Chief,組主任,,,教育部,組,Division,,,,,,,2012-11-26
1499999,Chief,主任,,,教育部,室,Office,,,,,,,2012-11-26
1500000,Chief,主任,,,教育部,中心,Center,,,,,,,2012-11-26
1500001,Chief,組長,,9-10,教育部,組,Division,,,,,,,2012-11-26
1500002,Chief,主任,,9-10,教育部,室,Office,,,,,,,2012-11-26
1500003,Chief,站長,,,教育部,社教工作站,Station,,,,,,,2012-11-26
1500004,Chief,組長,,,教育部,組,Division,,,,,,,2012-11-26
1500005,Chief,組長,,9-10,教育部,組,Division,,,,,,,2012-11-26
1500006,Chief,主任,,,教育部,室,Office,,,,,,,2012-11-26
1500007,Chief,主任,,,教育部,中心,Center,,,,,,,2012-11-26
1500008,Director,館長,,,教育部,圖書館,Library,,,,,,,2012-11-26
1500009,Director,主任,,,教育部,中心,Center,,,,,,,2012-11-26
1500010,Chief,組長,,,教育部,組,Division,,,,,,,2012-11-26
1500011,Chief,主任,,,教育部,組,Division,,,,,,,2012-11-26
1500012,Chief,主任,,,教育部,室,Office,,,,,,,2012-11-26
1500013,Director,主任,,,教育部,科,Department,,,,,,,2012-11-26
1500014,Director,主任,,,教育部,室,Office,,,,,,,2012-11-26
1500015,Chief,主任,,,教育部,科,Department,,,,,,,2012-11-26
1500016,Chief,主任,,,教育部,室,Office,,,,,,,2012-11-26
1500017,Chief,主任,,,教育部,處,Section,,,,,,,2012-11-26
1500018,Chief,主任,,,教育部,室,Office,,,,,,,2012-11-26
1500019,Chief,組長,,,教育部,組,Section,,,,,,,2012-11-26
1500020,Chief,主任,,,教育部,科,Department,,,,,,,2012-11-26
1500021,Chief,主任,,,教育部,室,Office,,,,,,,2012-11-26
1500022,Chief,組長,,,教育部,組,Section,,,,,,,2012-11-26
1500023,Lead Prosecutor,主任檢察官,,14,法務部,,,,,,,,,2012-11-26
1500024,Prosecutor,檢察官,,"13-14, 12-14, 10-11,9",法務部,,,,,,,,,2012-11-26
1500025,Chief Secretary,書記官長,,10-11,法務部,書記處 (台灣高等法院檢署),Division,,,,,,,2012-11-26
1500026,Chief Bailiff,法警長,,"6-7,5",法務部,法警室,Office,,,,,,,2012-11-26
1500027,Director,主任,,10,法務部,室 (人事會計統計政風資訊),Office,,,,,,,2012-11-26
1500028,Chief Secretary,書記官長,,10-11,法務部,書記處,Division,,,,,,,2012-11-26
1500029,Chief,主任,,9-10,法務部,室 (人事會計統計政風資訊),Office,,,,,,,2012-11-26
1500030,Chief Secretary,書記官長,,10,法務部,書記處,Division,,,,,,,2012-11-26
1500031,Chief,主任,,8-9,法務部,室 (人事會計統計政風資訊),Office,,,,,,,2012-11-26
1500032,Chief Probation Officer,主任觀護人,,"10,9",法務部,觀護人室,Office,,,,,,,2012-11-26
1500033,Chief Forensic Medical Examiner,主任法醫師,,"10,9",法務部,法醫師 (檢驗員),Forensic Medical Examiner,,,,,,,2012-11-26
1500034,Chief,科長,,7-9,法務部,科,Section,,,,,,,2012-11-26
1500035,Chief,主任,,7-9,法務部,室,Office,,,,,,,2012-11-26
1500036,Chief,組長,,8,法務部,組,Section,,,,,,,2012-11-26
1500037,Chief,主任,,8,法務部,室,Office,,,,,,,2012-11-26
1500038,Chief,科長,,8,法務部,科,Section,,,,,,,2012-11-26
1500039,Chief,主任,,8,法務部,室,Office,,,,,,,2012-11-26
1500040,Chief,主任,,7-9,法務部,處,Section,,,,,,,2012-11-26
1500041,Chief,主任,,7-9,法務部,室,Office,,,,,,,2012-11-26
1500042,Captain,隊長,,7-9,法務部,警衛隊,Security Unit,,,,,,,2012-11-26
1500043,Chief,科長,,7-8,法務部,科,Section,,,,,,,2012-11-26
1500044,Chief,組長,,7-8,法務部,組,Section,,,,,,,2012-11-26
1500045,Chief Enforcement Officer,主任行政執行官,,10-11,法務部,組,Division,,,,,,,2012-11-26
1500046,Chief,主任,,9,法務部,室,Office,,,,,,,2012-11-26
1500047,Enforcement Officer,行政執行官,,"9-10, 8-9",法務部,組,Section,,,,,,,2012-11-26
1500048,Enforcement Officer,行政執行官,,8-9,法務部,   行政執行官辦公室,___ Office,,,,,,,2012-11-26
1500049,Chief,主任,,9-10,法務部,室,Office,,,,,,,2012-11-26
1500050,Chairperson,主委,,,法務部,委員會,Committee,,,,,,,2012-11-26
1500051,Chief,科長,,9,法務部,科,Section,,,,,,,2012-11-26
1500052,Chief,主任,,9,法務部,室,Office,,,,,,,2012-11-26
1500053,Chief,科長,,9,法務部,科,Section,,,,,,,2012-11-26
1500054,Chief,主任,,9,法務部,室,Office,,,,,,,2012-11-26
1500055,Head,科長,,,法務部,科,Section,,,,,,,2012-11-26
1500056,Head,主任,,,法務部,室,Office,,,,,,,2012-11-26
1500057,Director,組長,,10-11,法務部,組,Division,,,,,,,2012-11-26
1500058,Chief,組長,,9,法務部,總務組,Division,,,,,,,2012-11-26
1500059,Chief,組長,,9,法務部,組,Division,,,,,,,2012-11-26
1500060,Director,組長,,9-11,法務部,組,Division,,,,,,,2012-11-26
1500061,Director,主任,,9-11,法務部,室,Office,,,,,,,2012-11-26
1500062,Committee,委員會,,,Committee,委員會,Committee,,,,經濟部,,,2012-12-14
1500063,Director,主任,,9-10,經濟部,室,Office,,,,,,,2012-11-26
1500064,Chief,科長,,,經濟部,科,Section,,,,,,,2012-11-26
1500065,Chief,主任,,,經濟部,室,Office,,,,,,,2012-11-26
1500066,Director,主任,,9-10,經濟部,室,Office,,,,,,,2012-11-26
1500067,Director,主任,,9-11,經濟部,室,Office,,,,,,,2012-11-26
1500068,Chief,課長 ,,8,經濟部,課,Section,,,,,,,2012-11-26
1500069,Chief,主任,,8,經濟部,室,Office,,,,,,,2012-11-26
1500070,Chief,主任,,8,經濟部,辦事處,Office,,,,,,,2012-11-26
1500071,Director,主任,,9-10,經濟部,室,Office,,,,,,,2012-11-26
1500072,Director,主任,,9-10,經濟部,室,Office,,,,,,,2012-11-26
1500073,Chief,課長,,8,經濟部,課,Section,,,,,,,2012-11-26
1500074,Chief,主任,,8,經濟部,室,Office,,,,,,,2012-11-26
1500075,Chief,課長,,7-8,經濟部,課,Section,,,,,,,2012-11-26
1500076,Director,主任,,9-10,經濟部,室,Office,,,,,,,2012-11-26
1500077,Director,組長,,11,經濟部,組,Division,,,,,,,2012-11-26
1500078,Director,主任,,9-10,經濟部,室,Office,,,,,,,2012-11-26
1500079,Director,主任,,9-10,經濟部,室,Office,,,,,,,2012-11-26
1500080,Director,主任,,9-10,經濟部,室,Office,,,,,,,2012-11-26
1500081,Director,主任,,9-10,經濟部,室,Office,,,,,,,2012-11-26
1500082,Chief,組長,,,經濟部,組,Division,,,,,,,2012-11-26
1500083,Director,主任,,,經濟部,室,Office,,,,,,,2012-11-26
1500084,Chief,主任,,8-9,經濟部,中心,Center,,,,,,,2012-11-26
1500085,Chief,隊長,,8-9,經濟部,隊,Team,,,,,,,2012-11-26
1500086,Chief,課長,,,經濟部,課,Section,,,,,,,2012-11-26
1500087,Chief,主任,,,經濟部,室,Office,,,,,,,2012-11-26
1500088,Chief,主任,,,經濟部,中心,Center,,,,,,,2012-11-26
1500089,Chief,課長,,,經濟部,課,Section,,,,,,,2012-11-26
1500090,Chief,主任,,,經濟部,室,Office,,,,,,,2012-11-26
1500091,Chief,隊長,,,經濟部,隊,Unit,,,,,,,2012-11-26
1500092,Chief,站長,,,經濟部,站,Unit,,,,,,,2012-11-26
1500093,Chief,課長,,,經濟部,課,Section,,,,,,,2012-11-26
1500094,Chief,主任,,,經濟部,室,Office,,,,,,,2012-11-26
1500095,Chief,課長,,,經濟部,課,Section,,,,,,,2012-11-26
1500096,Chief,主任,,,經濟部,室,Office,,,,,,,2012-11-26
1500097,Chief,主任,,8-9,經濟部,室,Office,,,,,,,2012-11-26
1500098,Chief,主任,,8-9,經濟部,訓練中心,Center,,,,,,,2012-11-26
1500099,Head,課長,,7,經濟部,課,Section,,,,,,,2012-11-26
1500100,Director,主任,,,經濟部,室,Office,,,,,,,2012-11-26
1500101,Director,主任,,14,經濟部,室,Office,,,,,,,2012-11-26
1500102,Chief,組長,,,經濟部,組,Section,,,,,,,2012-11-26
1500103,Chief,所長,,,經濟部,施工所,Office,,,,,,,2012-11-26
1500104,Director,主任,,,經濟部,室,Office,,,,,,,2012-11-26
1500105,Chief,課長,,,經濟部,課,Section,,,,,,,2012-11-26
1500106,Chief,課長,,,經濟部,課,Section,,,,,,,2012-11-26
1500107,Chief,課長,,,經濟部,課,Section,,,,,,,2012-11-26
1500108,Chief,課長,,8,經濟部,課,Section,,,,,,,2012-11-26
1500109,Chief,主任,,8,經濟部,室,Office,,,,,,,2012-11-26
1500110,Chief,主任,,8,經濟部,營運所,Station,,,,,,,2012-11-26
1500111,Chief,隊長,,8,經濟部,管線隊,Team,,,,,,,2012-11-26
1500112,Chief,廠長,,8,經濟部,給水廠,Plant,,,,,,,2012-11-26
1500113,Chief,課長,,8,經濟部,課,Section,,,,,,,2012-11-26
1500114,Chief,主任,,8,經濟部,工務所,Branch,,,,,,,2012-11-26
1500115,Chief,組長,,,經濟部,組,Section,,,,,,,2012-11-26
1500116,Chairperson,主任委員,,,交通部,委員會,Committee,,,,,,,2012-11-26
1500117,Director,處長,,10,交通部,第一軍郵管理處,First Field Post Management Office,,,,,,,2012-11-26
1500118,Head,股長,,,交通部,股,Section,,,,,,,2012-11-26
1500119,Director,主任,,10,交通部,室,Office,,,,,,,2012-11-26
1500120,Director,站長,,10,交通部,監理站,Station,,,,,,,2012-11-26
1500121,Chairperson,主任委員,,,交通部,委員會,Committee,,,,,,,2012-11-26
1500122,Chairperson,主任委員,,,交通部,委員會,Committee,,,,,,,2012-11-26
1500123,Director,處長,,9-11,交通部,處,Department,,,,,,,2012-11-26
1500124,Chief,主任,,9-11,交通部,室,Office,,,,,,,2012-11-26
1500125,Chief,科長,,9-11,交通部,科,Section,,,,,,,2012-11-26
1500126,Chief,主任,,9-11,交通部,室,Office,,,,,,,2012-11-26
1500127,Head,主任,,,交通部,室,Office,,,,,,,2012-11-26
1500128,Head,科長,,,交通部,科,Section,,,,,,,2012-11-26
1500129,Head,主任,,,交通部,中心,Center,,,,,,,2012-11-26
1500130,Head,股長,,,交通部,股,Subsection,,,,,,,2012-11-26
1500131,Head,科長,,9-11,交通部,科,Section,,,,,,,2012-11-26
1500132,Head,主任,,,交通部,室,Office,,,,,,,2012-11-26
1500133,Chief,組長,,,交通部,組,Section,,,,,,,2012-11-26
1500134,Chief,主任,,,交通部,室,Office,,,,,,,2012-11-26
1500135,Chief,組長,,,交通部,組,Section,,,,,,,2012-11-26
1500136,Chief,主任,,,交通部,中心,Center,,,,,,,2012-11-26
1500137,Chief,主任,,,交通部,室,Office,,,,,,,2012-11-26
1500138,Chief,區台長,,,交通部,裝修區台,Aviation Facilities Station,,,,,,,2012-11-26
1500139,Chief,塔台長,,,交通部,近場管制塔台,Approach Control Tower,,,,,,,2012-11-26
1500140,Chief,組長,,,交通部,組,Section,,,,,,,2012-11-26
1500141,Chief,課長,,,交通部,課,Section,,,,,,,2012-11-26
1500142,Chief,主任,,,交通部,室,Office,,,,,,,2012-11-26
1500143,Director,組長,,11,交通部,組,Division,,,,,,,2012-11-26
1500144,Director,主任,,9-10,交通部,室,Office,,,,,,,2012-11-26
1500145,Chief,課長,,8,交通部,課,Section,,,,,,,2012-11-26
1500146,Chief,主任,,7-8,交通部,室,Office,,,,,,,2012-11-26
1500147,Chief,課長,,,交通部,課,Section,,,,,,,2012-11-26
1500148,Chief,主任,,,交通部,室,Office,,,,,,,2012-11-26
1500149,Chief,段長,,,交通部,工務段,Branch,,,,,,,2012-11-26
1500150,Chief,課長,,,交通部,課,Section,,,,,,,2012-11-26
1500151,Chief,主任,,,交通部,室,Office,,,,,,,2012-11-26
1500152,Chief,段長,,,交通部,工務段,Branch,,,,,,,2012-11-26
1500153,Chief,主任,,,交通部,室,Office,,,,,,,2012-11-26
1500154,Chief,課長,,,交通部,課,Section,,,,,,,2012-11-26
1500155,Director,組長,,11,交通部,組,Division,,,,,,,2012-11-26
1500156,Director,主任,,,交通部,室,Office,,,,,,,2012-11-26
1500157,Chief,科長,,,交通部,科,Section,,,,,,,2012-11-26
1500158,Director,主任,,,交通部,室,Office,,,,,,,2012-11-26
1500159,Chief,課長,,,交通部,課,Section,,,,,,,2012-11-26
1500160,Chief,課長,,8-9,交通部,課,Section,,,,,,,2012-11-26
1500161,Chief,主任,,8-9,交通部,室,Office,,,,,,,2012-11-26
1500162,Chief,主任,,8-9,交通部,工務所,Branch,,,,,,,2012-11-26
1500163,Director,主任,,,交通部,室,Office,,,,,,,2012-11-26
1500164,Chief,課長,,,交通部,課,Section,,,,,,,2012-11-26
1500165,Chief,主任,,,交通部,室,Office,,,,,,,2012-11-26
1500166,Director,主任,,11,交通部,室,Office,,,,,,,2012-11-26
1500167,Chief,課長,,9,交通部,課,Section,,,,,,,2012-11-26
1500168,Chief,主任,,9,交通部,室,Office,,,,,,,2012-11-26
1500169,Chief,段長(主任),,9,交通部,工務段（所）,Branch,,,,,,,2012-11-26
1500170,Chief,課長,,,交通部,課,Section,,,,,,,2012-11-26
1500171,Chief,主任,,,交通部,室,Office,,,,,,,2012-11-26
1500172,Chief,站長,,,交通部,監理站,Station,,,,,,,2012-11-26
1500173,Chief,課長,,,交通部,課,Section,,,,,,,2012-11-26
1500174,Chief,主任,,,交通部,室,Office,,,,,,,2012-11-26
1500175,Chief,場長,,,交通部,實習工場,Workshop,,,,,,,2012-11-26
1500176,Chief,課長,,,交通部,課,Section,,,,,,,2012-11-26
1500177,Chief,主任,,,交通部,室,Office,,,,,,,2012-11-26
1500178,Chief,課長,,,交通部,課,Section,,,,,,,2012-11-26
1500179,Chief,主任,,,交通部,室,Section,,,,,,,2012-11-26
1500180,Chief,主任,,8-9,交通部,旅客服務所,Section,,,,,,,2012-11-26
1500181,Chief,課長,,8-9,交通部,課,Section,,,,,,,2012-11-26
1500182,Chief,主任,,8-9,交通部,室,Office,,,,,,,2012-11-26
1500183,Chief,主任,,8-9,交通部,工務所,Office,,,,,,,2012-11-26
1500184,Chief,隊長,,,交通部,測量隊,Team,,,,,,,2012-11-26
1500185,Chief,課長,,8-9,交通部,課,Section,,,,,,,2012-11-26
1500186,Chief,主任,,8-9,交通部,室,Office,,,,,,,2012-11-26
1500187,Chief,課長,,,交通部,課,Section,,,,,,,2012-11-26
1500188,Chief,主任,,8-9,交通部,室,Office,,,,,,,2012-11-26
1500189,Chief,課長,,,交通部,課,Section,,,,,,,2012-11-26
1500190,Chief,主任,,8-9,交通部,室,Office,,,,,,,2012-11-26
1500191,Chief,課長,,8-9,交通部,課,Section,,,,,,,2012-11-26
1500192,Chief,主任,,8-9,交通部,室,Office,,,,,,,2012-11-26
1500193,Director,組長,,9-11,行政院主計處,組,Division,,,,,,,2012-11-26
1500194,Chief,主任,,9,行政院主計處,室,Office,,,,,,,2012-11-26
1500195,Director,組長,,10-11,行政院人事行政局,組,Division,,,,,,,2012-11-26
1500196,Chief,主任,,9,行政院人事行政局,室,Office,,,,,,,2012-11-26
1500197,Director,組長,,10-11,行政院人事行政局,組,Division,,,,,,,2012-11-26
1500198,Chief,主任,,9,行政院人事行政局,室,Office,,,,,,,2012-11-26
1500199,Director,組長,,11,行政院人事行政局,組,Division,,,,,,,2012-11-26
1500200,Chief,主任,,9,行政院人事行政局,室,Office,,,,,,,2012-11-26
1500201,Director,主任,,10,行政院衛生署,中心,Center,,,,,,,2012-11-26
1500202,Director,主任,,10,行政院衛生署,室,Office,,,,,,,2012-11-26
1500203,Director,主任,,10,行政院衛生署,檢驗站,Laboratory ,,,,,,,2012-11-26
1500204,Chief,主任,,9,行政院衛生署,政風小組,Unit,,,,,,,2012-11-26
1500205,Chief,主任,,9,行政院衛生署,資訊小組,Unit,,,,,,,2012-11-26
1500206,Director,主任,,10,行政院衛生署,室,Office,,,,,,,2012-11-26
1500207,Director,主任,,10,行政院衛生署,室,Office,,,,,,,2012-11-26
1500208,Director,主任,,10,行政院衛生署,疫苗研製中心,Vaccine Center,,,,,,,2012-11-26
1500209,Chief,主任,,9,行政院衛生署,資訊小組,Unit,,,,,,,2012-11-26
1500210,Director,主任,,10,行政院衛生署,室,Office,,,,,,,2012-11-26
1500211,Director,主任,,10,行政院衛生署,中心,Center,,,,,,,2012-11-26
1500212,,科長兼任,,,行政院衛生署,資訊小組/企劃小組,Unit,,,,,,,2012-11-26
1500213,Director,主任,,14,行政院衛生署,室,Office,,,,,,,2012-11-26
1500214,Director,主任,,14,行政院衛生署,醫審小組,Unit,,,,,,,2012-11-26
1500215,Director,主任,,14,行政院衛生署,聯合門診中心,Outpatient Center,,,,,,,2012-11-26
1500216,Director,組長,,10,行政院衛生署,組,Division,,,,,,,2012-11-26
1500217,Chief,主任,,9,行政院衛生署,室,Office,,,,,,,2012-11-26
1500218,,主任秘書兼任,,,行政院衛生署,小組,Unit,,,,,,,2012-11-26
1500219,Director,組長,,10,行政院衛生署,組,Division,,,,,,,2012-11-26
1500220,Director,主任,,10,行政院衛生署,科,Department,,,,,,,2012-11-26
1500221,Director,主任,,10,行政院衛生署,室,Office,,,,,,,2012-11-26
1500222,Director,主任,,10,行政院衛生署,科,Department,,,,,,,2012-11-26
1500223,Director,主任,,10,行政院衛生署,室,Office,,,,,,,2012-11-26
1500224,Director,主任,,10,行政院衛生署,科,Department,,,,,,,2012-11-26
1500225,Director,主任,,10,行政院衛生署,室,Office,,,,,,,2012-11-26
1500226,Director,主任,,10,行政院衛生署,科,Department,,,,,,,2012-11-26
1500227,Director,主任,,10,行政院衛生署,室,Office,,,,,,,2012-11-26
1500228,Director,主任,,,行政院國軍退除役官兵輔導委員會,科,Department,,,,,,,2012-11-26
1500229,Director,主任,,,行政院國軍退除役官兵輔導委員會,室,Office,,,,,,,2012-11-26
1500230,Chief,組長,,,行政院國軍退除役官兵輔導委員會,組,Division,,,,,,,2012-11-26
1500231,Chief,主任,,9,行政院國軍退除役官兵輔導委員會,室,Office,,,,,,,2012-11-26
1500232,Chief,組長,,,行政院國軍退除役官兵輔導委員會,組,Division,,,,,,,2012-11-26
1500233,Chief,主任,,9,行政院國軍退除役官兵輔導委員會,室,Office,,,,,,,2012-11-26
1500234,Chief,組長,,9,行政院國軍退除役官兵輔導委員會,組,Division,,,,,,,2012-11-26
1500235,Chief,組長,,9,行政院國軍退除役官兵輔導委員會,組,Division,,,,,,,2012-11-26
1500236,Director,主任,,9,行政院國軍退除役官兵輔導委員會,中心,Center,,,,,,,2012-11-26
1500237,Chief,組長,,9,行政院國軍退除役官兵輔導委員會,組,Division,,,,,,,2012-11-26
1500238,Chief,主任,,9,行政院國軍退除役官兵輔導委員會,室,Office,,,,,,,2012-11-26
1500239,Chief,組長,,9,行政院國軍退除役官兵輔導委員會,組,Division,,,,,,,2012-11-26
1500240,Chief,主任,,9,行政院國軍退除役官兵輔導委員會,室,Office,,,,,,,2012-11-26
1500241,Chief,組長,,9,行政院國軍退除役官兵輔導委員會,組,Division,,,,,,,2012-11-26
1500242,Chief,主任,,9,行政院國軍退除役官兵輔導委員會,室,Office,,,,,,,2012-11-26
1500243,Chief,組長,,9,行政院國軍退除役官兵輔導委員會,組,Division,,,,,,,2012-11-26
1500244,Chief,主任,,9,行政院國軍退除役官兵輔導委員會,室,Office,,,,,,,2012-11-26
1500245,Chief,組長,,9,行政院國軍退除役官兵輔導委員會,組,Division,,,,,,,2012-11-26
1500246,Chief,主任,,9,行政院國軍退除役官兵輔導委員會,室,Office,,,,,,,2012-11-26
1500247,Chief,組長,,,行政院國軍退除役官兵輔導委員會,組,Division,,,,,,,2012-11-26
1500248,Chief,主任,,,行政院國軍退除役官兵輔導委員會,室,Office,,,,,,,2012-11-26
1500249,Chief,組長,,9,行政院國軍退除役官兵輔導委員會,組,Division,,,,,,,2012-11-26
1500250,Chief,主任,,9,行政院國軍退除役官兵輔導委員會,室,Office,,,,,,,2012-11-26
1500251,Chief,組長,,9,行政院國軍退除役官兵輔導委員會,組,Division,,,,,,,2012-11-26
1500252,Chief,主任,,9,行政院國軍退除役官兵輔導委員會,室,Office,,,,,,,2012-11-26
1500253,Chief,組長,,10,行政院國軍退除役官兵輔導委員會,組,Division,,,,,,,2012-11-26
1500254,Chief,主任,,9,行政院國軍退除役官兵輔導委員會,室,Office,,,,,,,2012-11-26
1500255,Director,處長,,11,行政院國軍退除役官兵輔導委員會,處,Department,,,,,,,2012-11-26
1500256,Director,主任,,11,行政院國軍退除役官兵輔導委員會,室,Office,,,,,,,2012-11-26
1500257,Chief,科長,,9,行政院青年輔導委員會,科,Section,,,,,,,2012-11-26
1500258,Chief,主任,,9,行政院青年輔導委員會,室,Office ,,,,,,,2012-11-26
1500259,Director,主任,,9-10,行政院國家科學委員會,室,Office,,,,,,,2012-11-26
1500260,Chief,組長,,11,行政院國家科學委員會,組,Division,,,,,,,2012-11-26
1500261,Chief,主任,,9,行政院國家科學委員會,室,Office,,,,,,,2012-11-26
1500262,Chief,主任,,9,行政院國家科學委員會,室,Office,,,,,,,2012-11-26
1500263,Director,主任,,9-10,行政院國家科學委員會,室,Office,,,,,,,2012-11-26
1500264,Chief,主任,,9,行政院研究發展考核委員會,室,Office,,,,,,,2012-11-26
1500265,Chief,組長,,10,行政院文化建設委員會,組,Division,,,,,,,2012-11-26
1500266,Chief,主任,,8,行政院文化建設委員會,室,Office,,,,,,,2012-11-26
1500267,Chairperson,所長,,11,行政院文化建設委員會,研究所,Institute,,,,,,,2012-11-26
1500268,Chief,組長,,10,行政院文化建設委員會,組,Division,,,,,,,2012-11-26
1500269,Chief,組長,,10,行政院文化建設委員會,組,Division,,,,,,,2012-11-26
1500270,Chief,主任,,8,行政院文化建設委員會,室,Office,,,,,,,2012-11-26
1500271,Chief,課長,,8-9,行政院文化建設委員會,課,Section,,,,,,,2012-11-26
1500272,Chief,主任,,8,行政院文化建設委員會,室,Section,,,,,,,2012-11-26
1500273,Chief,組長,,10,行政院文化建設委員會,組,Division,,,,,,,2012-11-26
1500274,Chief,主任,,8,行政院文化建設委員會,室,Office,,,,,,,2012-11-26
1500275,Chief,組長,,10,行政院文化建設委員會,組,Division,,,,,,,2012-11-26
1500276,Chief,主任,,8,行政院文化建設委員會,室,Office,,,,,,,2012-11-26
1500277,Chief,主任,,8,行政院文化建設委員會,中心,Center,,,,,,,2012-11-26
1500278,Chief,組長,,10,行政院文化建設委員會,組,Division,,,,,,,2012-11-26
1500279,Chief,主任,,8,行政院文化建設委員會,陳列館,Exhibition,,,,,,,2012-11-26
1500280,Chief,主任,,8,行政院文化建設委員會,中心,Center,,,,,,,2012-11-26
1500281,Chief,主任,,8,行政院文化建設委員會,室,Office,,,,,,,2012-11-26
1500282,Chief,組長,,9,行政院文化建設委員會,組,Division,,,,,,,2012-11-26
1500283,Chief,主任,,8,行政院文化建設委員會,室,Office,,,,,,,2012-11-26
1500284,Director,主任,,10,行政院農業委員會,室,Office,,,,,,,2012-11-26
1500285,Director,主任,,11,行政院農業委員會,中心,Center,,,,,,,2012-11-26
1500286,Chief,課長,,8,行政院農業委員會,課,Section,,,,,,,2012-11-26
1500287,Chief,主任,,8,行政院農業委員會,室,Office,,,,,,,2012-11-26
1500288,Chief,主任,,8,行政院農業委員會,發射台,Transmission Station,,,,,,,2012-11-26
1500289,Director,主任,,10,行政院農業委員會,室,Office,,,,,,,2012-11-26
1500290,Chief,課長,,8-9,行政院農業委員會,課,Section,,,,,,,2012-11-26
1500291,Chief,主任,,8-9,行政院農業委員會,室,Office,,,,,,,2012-11-26
1500292,Chief,主任,,9,行政院農業委員會,室,Office,,,,,,,2012-11-26
1500293,Chief,課長,,8,行政院農業委員會,課,Section,,,,,,,2012-11-26
1500294,Chief,主任,,8,行政院農業委員會,檢疫站,Station,,,,,,,2012-11-26
1500295,Director,主任,,10,行政院農業委員會,室,Office,,,,,,,2012-11-26
1500296,Chief,課長,,8,行政院農業委員會,課,Section,,,,,,,2012-11-26
1500297,Chief,課長,,8-9,行政院農業委員會,課,Section,,,,,,,2012-11-26
1500298,Chief,主任,,8-9,行政院農業委員會,室,Office,,,,,,,2012-11-26
1500299,Chief,主任,,8-9,行政院農業委員會,辦事處,Office,,,,,,,2012-11-26
1500300,Director,組長,,10,行政院農業委員會,組,Division,,,,,,,2012-11-26
1500301,Director,主任,,10,行政院農業委員會,室,Office,,,,,,,2012-11-26
1500302,Chief,站主任,,8-9,行政院農業委員會,工作站,Station,,,,,,,2012-11-26
1500303,Director,主任,,10,行政院農業委員會,中心,Center,,,,,,,2012-11-26
1500304,Chairperson,系主任,,8-10,行政院農業委員會,系,Department,,,,,,,2012-11-26
1500305,Chief,課長,,7-8,行政院農業委員會,課,Section,,,,,,,2012-11-26
1500306,Chief,組長,,10,行政院農業委員會,組,Division,,,,,,,2012-11-26
1500307,Chief,主任,,8,行政院農業委員會,室,Office,,,,,,,2012-11-26
1500308,Chief,主任,,8-9,行政院農業委員會,工作站,Station,,,,,,,2012-11-26
1500309,Chief,主任,,7-8,行政院農業委員會,室,Office,,,,,,,2012-11-26
1500310,Chairperson,系主任,,7-9,行政院農業委員會,系,Department,,,,,,,2012-11-26
1500311,Chairperson,系主任,,7-9,行政院農業委員會,系,Department,,,,,,,2012-11-26
1500312,Chairperson,系主任,,7-9,行政院農業委員會,系,Department,,,,,,,2012-11-26
1500313,Chief,組長,,10,行政院農業委員會,組,Division,,,,,,,2012-11-26
1500314,Chief,主任,,8,行政院農業委員會,室,Office,,,,,,,2012-11-26
1500315,Chairperson,系主任,,8-9,行政院農業委員會,系,Department,,,,,,,2012-11-26
1500316,Chief,組長,,10,行政院農業委員會,組,Division,,,,,,,2012-11-26
1500317,Chief,主任,,8,行政院農業委員會,室,Office,,,,,,,2012-11-26
1500318,Chief,主任,,8-9,行政院農業委員會,中心,Center,,,,,,,2012-11-26
1500319,Chief,組長,,10,行政院農業委員會,組,Division,,,,,,,2012-11-26
1500320,Chief,主任,,8,行政院農業委員會,室,Office,,,,,,,2012-11-26
1500321,Chief,主任,,10,行政院農業委員會,中心,Center,,,,,,,2012-11-26
1500322,Chief,組長,,10,行政院農業委員會,組,Division,,,,,,,2012-11-26
1500323,Chief,主任,,8,行政院農業委員會,室,Office,,,,,,,2012-11-26
1500324,Chief,組長,,10,行政院農業委員會,組,Division,,,,,,,2012-11-26
1500325,Chief,主任,,8,行政院農業委員會,室,Office,,,,,,,2012-11-26
1500326,Chief,站主任,,8-9,行政院農業委員會,試驗站,Experimental Station,,,,,,,2012-11-26
1500327,Chief,課長,,8-9,行政院農業委員會,課,Section,,,,,,,2012-11-26
1500328,Chief,主任,,8,行政院農業委員會,室,Office,,,,,,,2012-11-26
1500329,Chief,主任,,8-9,行政院農業委員會,分場, Branch,,,,,,,2012-11-26
1500330,Chief,課長,,8-9,行政院農業委員會,課,Section,,,,,,,2012-11-26
1500331,Chief,主任,,8,行政院農業委員會,室,Office,,,,,,,2012-11-26
1500332,Chief,主任,,8-9,行政院農業委員會,分場, Branch,,,,,,,2012-11-26
1500333,Chief,課長,,10,行政院農業委員會,課,Section,,,,,,,2012-11-26
1500334,Chief,主任,,8,行政院農業委員會,室,Office,,,,,,,2012-11-26
1500335,Chief,主任,,8-9,行政院農業委員會,工作站,Office,,,,,,,2012-11-26
1500336,Head,課長,,7-9,行政院農業委員會,課,Section,,,,,,,2012-11-26
1500337,Head,課長,,7-9,行政院農業委員會,課,Section,,,,,,,2012-11-26
1500338,Chief,課長,,8-10,行政院農業委員會,課,Section,,,,,,,2012-11-26
1500339,Chief,主任,,8,行政院農業委員會,室,Office,,,,,,,2012-11-26
1500340,Chief,主任,,8-10,行政院農業委員會,中心,Center,,,,,,,2012-11-26
1500341,Director,主任,,13,中央銀行,室,Office,,,,,,,2012-11-26
1500342,Director,主任,,13,中央銀行,所,Works,,,,,,,2012-11-26
1500343,Director,主任,,13,中央銀行,室,Office,,,,,,,2012-11-26
1500344,Director,組長,,11,行政院勞工委員會,組,Division,,,,,,,2012-11-26
1500345,Chief,課長,,8,行政院勞工委員會,課,Section,,,,,,,2012-11-26
1500346,Chief,組長,,9-10,行政院勞工委員會,組,Division,,,,,,,2012-11-26
1500347,Chief,組長,,9-10,行政院勞工委員會,組,Division,,,,,,,2012-11-26
1500348,Chief,組長,,9-10,行政院勞工委員會,組,Division,,,,,,,2012-11-26
1500349,Director,組長,,9-10,行政院勞工委員會,組,Division,,,,,,,2012-11-26
1500350,Director,主任,,14,行政院勞工委員會,室,Office,,,,,,,2012-11-26
1500351,Director,主任,,15,行政院勞工委員會,組,Division,,,,,,,2012-11-26
1500352,Director,主任,,14,行政院勞工委員會,室,Office,,,,,,,2012-11-26
1500353,Chief,主任,,9,行政院環境保護署,室, Office,,,,,,,2012-11-26
1500354,Chief,組長,,9,行政院環境保護署,組,Division,,,,,,,2012-11-26
1500355,Chief,組長〈聘任〉,,,行政院體育委員會,組,Division,,,,,,,2012-11-26
1500356,Director,主任,,,行政院海岸巡防署,室,Office,,,,,,,2012-11-26
1500357,Director,主任,,,行政院海岸巡防署,中心,Center,,,,,,,2012-11-26
1500358,Commander,隊長,,,行政院海岸巡防署,直屬船隊,Special Mission Flotilla,,,,,,,2012-11-26
1500359,Commander,隊長,,,行政院海岸巡防署,查緝隊,Brigade,,,,,,,2012-11-26
1500360,Chief,主任(中校),,,行政院海岸巡防署,勤務指揮中心,Center,,,,,,,2012-11-26
1500361,Chief,主任(中校),,,行政院海岸巡防署,室,Office,,,,,,,2012-11-26
1500362,Chief,科長(中校),,,行政院海岸巡防署,科,Section,,,,,,,2012-11-26
1500363,Chief,科長,,9,臺灣省政府,組,Division,組長,Director,12,科,Section,,2012-11-26
1500364,Chief,科長,,9,臺灣省諮議會,組,Division,組長,Director,9-11,科,Section,,2012-11-26
1500365,Chief,科長,,9,內政部,組,Division,組長,Director,11,科,Section,,2012-11-26
1500366,Chief,科長,,9,內政部,組,Division,組長,Director,11,科,Section,,2012-11-26
1500367,Head,分隊長,,9,內政部,隊,Brigade,隊長,General Commander,10-11,分隊,Branch,,2012-11-26
1500368,Leader,小隊長,,,內政部,隊,Brigade,,,,小隊,Squad,,2012-11-26
1500369,Chief,科長,,9,內政部,組,Division,組長,Director,11,科,Section,,2012-11-26
1500370,Chief,主任,,,內政部,工程處,Office,處長,Director,11,管理站,Station,,2012-11-26
1500371,Captain,隊長,,,內政部,工程處,Office,,,,隊,Brigade,,2012-11-26
1500372,Chief,分隊長,,,內政部,工程處,Office,,,,分隊,Station,,2012-11-26
1500373,Chief,組長,,,內政部,工程處,Office,,,,組,Section,,2012-11-26
1500374,Chief,主任,,,內政部,工程處,Office,,,,工務所,Work Station,,2012-11-26
1500375,Head,場長,,,內政部,隊（施工）,Brigade,隊長,Captain,8,場 (保養)(伴合),Workshop,,2012-11-26
1500376,Head,主任,,,內政部,隊（施工）,Brigade,,,,站(施工),Station,,2012-11-26
1500377,Head,主任,,,內政部,測量隊,Survey Team,隊長,Chief,8-9,工作站,Station,,2012-11-26
1500378,Chief,科長,,9,內政部,組,Division,組長,Director,11,科,Section,,2012-11-26
1500379,Chief,組長,,,內政部,處,Division,主任,Director,,組,Section,,2012-11-26
1500380,Chief,科長,,9,內政部,組,Division,組長,Director,11,科,Section,,2012-11-26
1500381,Chief,科長,,9,內政部,室,Office,主任,Chief,9,科,Section,,2012-11-26
1500382,Captain,隊長,,9,內政部,大隊,Corps,隊長,Commander,11,隊,Brigade,,2012-11-26
1500383,Captain,    分隊長,,8,內政部,大隊,Corps,,,,  分隊,Brigade,,2012-11-26
1500384,Head,分隊長,,8,內政部,隊,Brigade,隊長,Captain,9,分隊,Branch,,2012-11-26
1500385,Chief,科長,,9,財政部,組,Division,組長,Director,10-11,科,Section,,2012-11-26
1500386,Chief,科長,,9,財政部,組,Division,組長,Director,10-11,科,Section,,2012-11-26
1500387,Chief,科長,,9,財政部,組,Division,組長,Director,11,科,Section,,2012-11-26
1500388,Head,股長,,7,財政部,科,Division,科長,Chief,9,股,Section,,2012-11-26
1500389,Chief,科長,,9,財政部,組,Division,組長,Director,10-11,科,Section,,2012-11-26
1500390,Chief,科長,,9,財政部,處,Department,處長,Director,11,科,Section,,2012-11-26
1500391,Head,股長,,7-8,財政部,室,Office,主任,Director,11,股,Subsection,,2012-11-26
1500392,Head,課長,,8-9,財政部,室,Office,主任,Chief,10,股,Section,,2012-11-26
1500393,Head,課長,,8-9,財政部,組(課),Division,組長,Chief,10,課,Section,,2012-11-26
1500394,Head,股長,,7-8,財政部,組(課),Division,,,,股,  Subsection,,2012-11-26
1500395,Chief,科長,,9,財政部,組,Division,組長,Director,11,科,Section,,2012-11-26
1500396,Chief,科長,,9,財政部,組,Division,組長,Director,11,科,Section,,2012-11-26
1500397,Foreman,領班(評價職位),,,財政部,工場,Works,工場長,Chief,9,組,Section,,2012-11-26
1500398,Chief,科長,,11,財政部,處,Department,處長,Director,14,科,Section,,2012-11-26
1500399,Chief,科長,,11,財政部,處,Department,處長,Director,14,科,Section,,2012-11-26
1500400,Chief,課長,,10,財政部,處,Department,處長,Director,12,課,Section,,2012-11-26
1500401,Manager,科長,,11,財政部,部,Department,經理,General Manager,14,科,Section,,2012-11-26
1500402,Captain,隊長,,8,教育部,組,Division,組主任,Chief,9-10,隊,Security Unit,,2012-11-26
1500403,Leader,小隊長,,7,教育部,室,Office,主任,Chief,9-10,小隊,Squad,,2012-11-26
1500404,Captain,隊長,,8,教育部,組,Division,組主任,Chief,9-10,隊,Security Unit,,2012-11-26
1500405,Leader,小隊長,,7,教育部,室,Office,主任,Chief,9-10,小隊,Squad,,2012-11-26
1500406,Dean,所長,,,教育部,學院,College,院長,Dean,,研究所,Graduate Institute (School),,2012-11-26
1500407,Chairperson,系主任,,,教育部,學院,College,院長,Dean,,系、組,Department,,2012-11-26
1500408,Chief,組長,,,教育部,處,Division,    長,Dean,,組,Section,,2012-11-26
1500409,Chief,主任,,,教育部,部,Division,主任,Director,,中心,Center,,2012-11-26
1500410,Chief,組長,,,教育部,委員會,Committee,主任委員,Chairperson,,組,Section,,2012-11-26
1500411,Chief,主任,,,教育部,部,Department,主任,Director,,科,Division,,2012-11-26
1500412,Chief,主任,,,教育部,室,Office,主任,Director,,中心,Center,,2012-11-26
1500413,Chief,科長,,9,法務部,書記廳(最高法院檢署),Division,書記官長,Secretary General,11-13,科,Section,,2012-11-26
1500414,Chief ,科長,,9,法務部,,,主任檢察官,Lead Prosecutor,12-14,科,Section,,2012-11-26
1500415,Chief Bailiff,法警長,,"6-7,5",法務部,,,檢察官,Prosecutor,"14-14,10-11",法警室,Office,,2012-11-26
1500416,Chief,科長,,6-8,法務部,,,主任檢察官,Lead Prosecutor,"10-11,9",科,Section,,2012-11-26
1500417,Chief Bailiff,法警長,,"6-7,5",法務部,,,檢察官,Prosecutor,"10-11,8-9",法警室,Office,,2012-11-26
1500418,Chief,科長,,9,法務部,處,Division,處長,Director,11,科,Section,,2012-11-26
1500419,Chief,科長,,9,經濟部,組,Division,組長,Director,11,科,Section,,2012-11-26
1500420,Chief,科長,,,經濟部,室,Office,主任,Director,9-10,科,Section,,2012-11-26
1500421,Chief,科長,,9,經濟部,組,Division,組長,Director,11,科,Section,,2012-11-26
1500422,Chief,科長,,9,經濟部,組,Division,組長,Director,11,科,Section,,2012-11-26
1500423,Chief,科長,,9,經濟部,組,Division,組長,Director,11,科,Section,,2012-11-26
1500424,Chief,科長,,,經濟部,組,Division,組長,Director,11,科,Section,,2012-11-26
1500425,Chief,科長,,9,經濟部,組,Division,組長,Director,11,科,Section,,2012-11-26
1500426,Chief,科長,,9,經濟部,組,Division,組長,Director,11,科,Section,,2012-11-26
1500427,Chief,科長,,9,經濟部,組,Division,組長,Director,11,科,Section,,2012-11-26
1500428,Chief,科長,,9,經濟部,組,Division,組長,Director,11,科,Section,,2012-11-26
1500429,Chief,科長,,9,經濟部,組,Division,組長,Director,11,科,Section,,2012-11-26
1500430,Chief,科長,,,經濟部,組,Division,組長,Director,11,科,Section,,2012-11-26
1500431,Head,課長,,7,經濟部,組,Division,組長,Chief,8-9,課,Section,,2012-11-26
1500432,Chief,課長,,,經濟部,處,Department,處長,Director,,課,Section,,2012-11-26
1500433,Head,股長,,,經濟部,課,Section,課長,Chief,,股,Subsection,,2012-11-26
1500434,Head,股長,,,經濟部,課,Section,課長,Chief,,股,Subsection,,2012-11-26
1500435,Head,股長,,,經濟部,課,Section,課長,Chief,,股,subsection,,2012-11-26
1500436,Head,股長,,,經濟部,課,Section,課長,Chief,,股,subsection,,2012-11-26
1500437,Chief,組長,,12,經濟部,處,Department,處長,Director,14,組,Section,,2012-11-26
1500438,Chief,組長.經理,,12,經濟部,營業處,Branch,處長,Manager,13,組,Section,,2012-11-26
1500439,Chief,經理,,,經濟部,室,Office,主任,Manager,,組,Section,,2012-11-26
1500440,Chief,組長.經理,,12,經濟部,廠,Plant,廠長,Manager,14,組,Section,,2012-11-26
1500441,Chief,課長,,11,經濟部,廠,Plant,,,,課,Section,,2012-11-26
1500442,Chief,工場長,,11,經濟部,廠,Plant,,,,工場,Unit,,2012-11-26
1500443,Head,課長,,,經濟部,組,Section,組長,Chief,,課,Section,,2012-11-26
1500444,Chief,課長,,,經濟部,處,Department,經理,Manager,,課,Section,,2012-11-26
1500445,Chief,課長,,,經濟部,室,Office,主任,Director,,課,Section,,2012-11-26
1500446,Chief,主任,,,經濟部,廠,Plant,廠長,Director,,場,Shop,,2012-11-26
1500447,Chief,組長,,,經濟部,處,Department,處長,Director,,組,Section,,2012-11-26
1500448,Director,處長,,,經濟部,部,Division,執行長,Vice President and General Manager,,處,Section,,2012-11-26
1500449,Director,主任,,,經濟部,部,Division,,,,室,Office,,2012-11-26
1500450,Director,主任,,,經濟部,部,Division,,,,中心,Center,,2012-11-26
1500451,Chief,課長,,,經濟部,部,Department,經理,Manager,,課,Section,,2012-11-26
1500452,Chief,課長,,,經濟部,室,Office,主任,Director,,課,Section,,2012-11-26
1500453,Chief,組長,,,經濟部,廠,Plant,廠長,Director,,組,Section,,2012-11-26
1500454,Chief,主任,,,經濟部,廠,Plant,,,,室,Office,,2012-11-26
1500455,Chief,組長,,8,經濟部,處,Department,經理,Manager,,組,Section,,2012-11-26
1500456,Chief,課長,,8,經濟部,室,Office,主任,Director,10,課,Section,,2012-11-26
1500457,Chief,組長,,8,經濟部,資訊中心,Center,主任,Director,10,組,Section,,2012-11-26
1500458,Chief,科長,,,交通部,室 (總經理),Office,主任秘書  ,Chief Secretary  ,,科,Section,,2012-11-26
1500459,Chief Auditor,主任稽核,,,交通部,稽核處,Department,總稽核,Auditor General,,各稽核段,Auditing Section,,2012-11-26
1500460,Chief,科長,,,交通部,處,Department,處長,Director,,科,Section,,2012-11-26
1500461,Curator,館長 ,,,交通部,處,Department,,,,郵政博物館,Postal Museum,,2012-11-26
1500462,Director,所長   ,,,交通部,處,Department,,,,郵政訓練所,Training Institute,,2012-11-26
1500463,Head,股長,,,交通部,科,Section,科長,Chief,,股,Subsection,,2012-11-26
1500464,Head,股長,,,交通部,科,Section,科長,Chief,,股,Subsection,,2012-11-26
1500465,Chief,科長,,,交通部,處,Department,處長,Director,11,科,Section,,2012-11-26
1500466,Chief,科長,,,交通部,處,Department,處長,Director,,科,Section,,2012-11-26
1500467,Chief,主任,,,交通部,處,Department,,,,室,Office,,2012-11-26
1500468,Chief,科長,,,交通部,組,Division,組長,Director,11,科,Section,,2012-11-26
1500469,Chief,科長,,,交通部,室,Office,主任,Director,,科,Section,,2012-11-26
1500470,Chief,科長,,,交通部,組,Division,組長,Director,11,科,Section,,2012-11-26
1500471,Chief,科長,,,交通部,室,Office,主任,Director,,科,Section,,2012-11-26
1500472,Chief,科長,,,交通部,組,Division,組長,Director,,科,Section,,2012-11-26
1500473,Chief,課長,,,交通部,中心,Center,主任,Director,,課,Section,,2012-11-26
1500474,Chief,科長,,,交通部,組,Division,組長,Director,11,科,Section,,2012-11-26
1500475,Chief,科長,,9,交通部,組,Division,組長,Director,11,科,Section,,2012-11-26
1500476,Chief,科長,,,交通部,室,Office,主任,Director,11,科,Section,,2012-11-26
1500477,Chief,科長,,,交通部,組,Division,組長,Director,11,科,Section,,2012-11-26
1500478,Chief,科長,,,交通部,室,Office,主任,Director,10,科,Section,,2012-11-26
1500479,Chief,科長,,,交通部,中區工程處,Office,處長,Director,10,科,Section,,2012-11-26
1500480,Chief,主任,,,交通部,處,Division,處長,Director,11,中心,Center,,2012-11-26
1500481,Chief,科長,,9,交通部,組,Division,組長,Director,11,科,Section,,2012-11-26
1500482,Chief,科長,,8-9,交通部,組,Division,組長,Director,10-11,科,Section,,2012-11-26
1500483,Chief,科長,,8-9,交通部,室,Office,主任,Director,9-10,科,Section,,2012-11-26
1500484,Chief,科長,,9,行政院衛生署,組,Division,組長,Director,11,科,Section,,2012-11-26
1500485,Chief,科長,,9,行政院衛生署,組,Division,組長,Director,11,科,Section,,2012-11-26
1500486,Chief,科長,,9,行政院衛生署,製藥工廠,Pharmaceutical    Plant,廠長,Manager,10,科,Section,,2012-11-26
1500487,Chief,科長,,9,行政院衛生署,組,Division,組長,Director,11,科,Section,,2012-11-26
1500488,Chief,科長,,9,行政院衛生署,分局,Branch,分局長,Director,10,科,Section,,2012-11-26
1500489,,兼任,,,行政院衛生署,分局,Branch,,,,辦事處,Office,,2012-11-26
1500490,,兼任,,,行政院衛生署,分局,Branch,,,,檢驗室,Laboratory,,2012-11-26
1500491,Chief,科長,,9,行政院衛生署,組,Division,組長,Director,11,科,Section,,2012-11-26
1500492,Manager,科長,,11,行政院衛生署,處,Division,經理,General Manager,14,科,Section,,2012-11-26
1500493,Manager,組長,,11,行政院衛生署,分局,Branch,經理,General Manager,14,組,Section,,2012-11-26
1500494,Chief,主任,,,行政院國軍退除役官兵輔導委員會,部,Department,主任,Director,,科,Division,,2012-11-26
1500495,Chief,主任,,,行政院國軍退除役官兵輔導委員會,中心 ,Center,主任,Director,,室,Office,,2012-11-26
1500496,Chief,組長,,,行政院國軍退除役官兵輔導委員會,室,Office,主任,Director,,組,Section,,2012-11-26
1500497,Chief,科長,,9,行政院國家科學委員會,組,Division,組長,Director,11,科,Section,,2012-11-26
1500498,Head,課長,,,行政院國家科學委員會,組,Division,組長,Chief,10,課,Section,,2012-11-26
1500499,Chief,科長,,9,行政院國家科學委員會,組,Division,組長,Director,11,科,Section,,2012-11-26
1500500,Chief,科長,,9,行政院研究發展考核委員會,組,Division,組長,Director,11,科,Section,,2012-11-26
1500501,Chief,科長,,9,行政院農業委員會,組,Division,組長,Director,11,科,Section,,2012-11-26
1500502,Chief,科長,,9,行政院農業委員會,組,Division,組長,Director,11,科,Section,,2012-11-26
1500503,Chief,科長,,9,行政院農業委員會,組,Division,組長,Director,11,科,Section,,2012-11-26
1500504,Chief,科長,,9,行政院農業委員會,組,Division,組長,Director,10,科,Section,,2012-11-26
1500505,Chief,組長,,11,中央銀行,科,Division,主任,Director,13,組,Section,,2012-11-26
1500506,Chief,課長,,12,中央銀行,工廠,Works,廠長,Manager,14,課,Section,,2012-11-26
1500507,Head,股長,,10,中央銀行,工廠,Works,,,,股,Subsection,,2012-11-26
1500508,Chief,組長,,11,中央銀行,科,Division,主任,Director,13,組,Section,,2012-11-26
1500509,Chief,組長,,11,中央銀行,工場,Works,主任,Manager,13,組,Section,,2012-11-26
1500510,Head,股長,,7-8,行政院勞工委員會,課,Section,課長,Chief,8,股,Subsection,,2012-11-26
1500511,Manager,科長,,11,行政院勞工委員會,處,Department,經理,General Manager,14,科,Section,,2012-11-26
1500512,Head,科長,,9,行政院環境保護署,組,Division,組長,Chief,10,科,Section,,2012-11-26
1500513,Chief,科長,,,行政院海岸巡防署,組,Division ,組長,Director,,科,Section,,2012-11-26
1500514,Head,科長,,,行政院海岸巡防署,組,Section,組主任,Chief,,科,Section,,2012-11-26
1500515,Chief,科長,,,行政院海岸巡防署,組,Division ,組長,Director,,科,Section,,2012-11-26
1500516,Commander,大隊長,,,行政院海岸巡防署,室,Office,主任,Director,,大隊,Corps,,2012-11-26
1500517,Chief,中隊長,,,行政院海岸巡防署,中心,Center,主任,Director,,中隊,Company,,2012-11-26
1500518,Head,區隊長,,,行政院海岸巡防署,中心,Center,,,,區隊,Platoon,,2012-11-26
1500519,Head,站長,,,行政院海岸巡防署,中心,Center,,,,雷達巡( 防組),Radar Operation Unit,,2012-11-26
1500520,  Head,分隊長,,,行政院海岸巡防署,中心,Center,,,,分隊,Subbranch,,2012-11-26
1500521,1. Chief(校官) ; 2. Head(尉官) ; 3. Leader(士官),所長,,,行政院海岸巡防署,巡防總隊(岸巡),Corps,隊長(上校),Commander,,安檢所,Inspection Office,,2012-11-26
1500522,1. Chief(校官); 2.Head(尉官) 3.Leader(士官),站長,,,行政院海岸巡防署,巡防總隊(岸巡),Corps,,,,巡邏站,Patrol Station,,2012-11-26
1500523,1.Chief(校官); 2.Head(尉官); 3.Leader(士官),組長,,,行政院海岸巡防署,巡防總隊(岸巡),Corps,,,,小組,Unit,,2012-11-26
1500524,Chief,隊長,,,行政院海岸巡防署,巡防總隊(岸巡),Corps,,,,勤務中隊,Duty Company,,2012-11-26
1500525,1.Chief(校官); 2.Head(尉官); 3.Leader(士官),所長,,,行政院海岸巡防署,巡防大隊 (岸巡),Corps,隊長(中校),Commander,,安檢所,Inspection Office,,2012-11-26
1500526,1. Head(尉官) ; 2.Leader(士官),站長,,,行政院海岸巡防署,巡防大隊 (岸巡),Corps,,,,巡邏站,Patrol Station,,2012-11-26
1500527,1. Head(尉官) ; 2.Leader(士官),隊長(少校),,,行政院海岸巡防署,巡防大隊 (岸巡),Corps,,,,勤務中隊,Duty Company,,2012-11-26
1500528,Chief,隊長(少校),,,行政院海岸巡防署,訓練大隊,Training Corps,隊長(中校),Commander,,訓練中隊,Training Company,,2012-11-26
1500529,Head,區隊長(中尉),,,行政院海岸巡防署,訓練大隊,Training Corps,,,,區隊,Platoon,,2012-11-26
1500530,Leader,分隊長(士官),,,行政院海岸巡防署,訓練大隊,Training Corps,,,,分隊,  Squad,,2012-11-26
1500531,Chief,隊長(中校),,,行政院海岸巡防署,查緝隊,Brigade,隊長(上校),Commander,,分隊,branch,,2012-11-26
