ID,英文名稱,中文名稱,圖片,組別,審定日期,更新日期
21381261,pound per square inch (psi),每平方英吋磅數,,營建管理,114.05.10,
21381262,powder activated fastener,火藥驅動緊固件,,營建管理,114.05.10,
21381263,powder-actuated tool (PAT),火藥釘槍,,營建管理,114.05.10,
21381264,power shovel,動力鏟；動力鏟裝機,,營建管理,113.08.10,
21381265,power vent,機械排氣通道,,營建管理,114.05.10,
21381266,preassembled steel bridge,預組鋼橋,,結構工程,113.04.13,
21381267,prebid meeting,標前會議,,營建管理,113.07.20,
21381268,precast deck slab,預鑄橋版,,結構工程,113.04.13,
21381269,precast prestressed deck,預鑄預力橋面版,,結構工程,113.04.13,
21381270,precedence network,先行網狀圖,,營建管理,114.03.15,
21381271,preconstruction,施工前,,營建管理,113.09.28,
21381272,preconstruction submittal,施工前提交[文件],,營建管理,114.03.15,
21381273,prefabrication clause,預製勞資條款,,營建管理,113.07.20,
21381274,preheating,預熱,,結構工程,113.04.13,
21381275,preheating temperature,預熱溫度,,結構工程,113.04.13,
21381276,pre-hire agreement,雇前協議,,營建管理,114.03.15,
21381277,prehire labor agreement,預先雇工協議,,營建管理,113.07.20,
21381278,prejudgement remedy (PJR),預先裁定救濟措施；假扣押,,營建管理,114.05.10,
21381279,preliminary coordination,初步協調；先期協調,,營建管理,114.03.15,
21381280,preliminary estimate,初步估價,,營建管理,114.03.15,
21381281,preliminary program,初步計畫,,營建管理,114.03.15,
21381282,pre-manufactured component,預製構件；預製組件,,營建管理,113.09.28,
21381283,premium basis,保費基準,,營建管理,114.03.15,
21381284,pre-project planning (PPP),前置專案規劃,,營建管理,113.07.20,
21381285,prequalification,資格預審,,營建管理,113.07.20,
21381286,prequalification of contractors,承包商資格預審,,營建管理,113.07.20,
21381287,prequalified joint,預檢定接點,,結構工程,113.04.13,
21381288,prequalified welding joint,預檢定銲接接合,,結構工程,113.04.13,
21381289,prescriptive specification,指示性規範；指示性規格,,營建管理,113.09.28,
21381290,present worth analysis,現值分析,,營建管理,113.08.10,
21381291,preset distortion,預扭曲變形；預置扭曲變形,,結構工程,113.04.13,
21381292,pre-solicitation notice,預先邀標通知,,營建管理,113.07.20,
21381293,presplitting,預劈裂,,營建管理,113.08.10,
21381294,pressure slab,承壓板,,營建管理,114.05.10,
21381295,pressurization,增壓；加壓,,營建管理,114.05.10,
21381296,pre-tensioned concrete,先拉法預力混凝土,,營建管理,114.05.10,
21381297,preventive device,預防裝置,,營建管理,113.09.28,
21381298,primacord,導爆索；引爆導線,,營建管理,113.08.10,
21381299,primary boycott,直接抵制{抵制貨品、服務},,營建管理,113.07.20,
21381300,primary electric,主供電[服務],,營建管理,114.05.10,
21381301,priority specification,優先規格；優先規範,,營建管理,114.05.10,
21381302,privacy set,內鎖；隱私鎖,,營建管理,114.05.10,
21381303,private funding,私有資金,,營建管理,113.09.28,
21381304,procedural decision,程序決策,,營建管理,114.03.15,
21381305,procedural fairness,程序公平,,營建管理,114.03.15,
21381306,procedure outline,程序大綱,,營建管理,114.03.15,
21381307,procedure qualification record (PQR),銲接程序檢定紀錄,,結構工程,113.04.13,
21381308,Proctor curve,夯實曲線,,大地工程及結構,113.06.08,
21381309,procurement modification,採購修正,,營建管理,114.03.15,
21381310,procurement requirement,採購要求,,營建管理,114.03.15,
21381311,procuremment schedule,採購進度[表],,營建管理,114.05.10,
21381312,product description,產品說明,,營建管理,114.03.15,
21381313,product representative,產品代表,,營建管理,114.03.15,
21381314,production enhancement,製程提昇,,營建管理,114.03.15,
21381315,production rate,生產率,,營建管理,113.07.20,
21381316,products-completed operations coverage,完工產品運營保險,,營建管理,114.03.15,
21381317,professional body,專業團體；專業機構,,營建管理,113.08.10,
21381318,progress chart,進度表,,營建管理,113.08.10,
21381319,progress evaluation and control,進度評估與控制,,營建管理,113.09.28,
21381320,progress photograph,進度照片,,營建管理,113.09.28,
21381321,progressive placement,前進式安裝；漸進式安裝,,結構工程,113.04.13,
21381322,progressive welding,前進式熔填銲接,,結構工程,113.04.13,
21381323,project acceleration,專案趕工,,營建管理,113.09.28,
21381324,project agreement,專案協議；專案契約,,營建管理,114.03.15,
21381325,project alliance,專案聯盟,,營建管理,113.09.28,
21381326,project chronology,專案時序記錄,,營建管理,113.09.28,
21381327,project closeout,專案結案,,營建管理,113.09.28,
21381328,project communication,專案溝通,,營建管理,113.09.28,
21381329,project completion,專案完成,,營建管理,113.09.28,
21381330,project control cycle,專案控制循環,,營建管理,113.09.28,
21381331,project field office,專案現場辦公室,,營建管理,114.03.15,
21381332,project identification,專案識別,,營建管理,114.03.15,
21381333,project income,專案收入,,營建管理,113.08.10,
21381334,project labor agreement,專案勞動協議,,營建管理,114.05.10,
21381335,project liability insurance,專案責任險,,營建管理,113.07.20,
21381336,project network,專案網圖,,營建管理,113.07.20,
21381337,project participant,專案參與者,,營建管理,113.09.28,
21381338,project planning,專案規劃,,營建管理,113.07.20,
21381339,project property insurance,專案財產保險,,營建管理,113.07.20,
21381340,project punch out,完成履約,,營建管理,114.05.10,
21381341,project scheduling,專案排程,,營建管理,113.07.20,
21381342,project specification,專案規範,,營建管理,114.03.15,
21381343,project superintendent,專案工地主任,,營建管理,113.07.20,
21381344,project task force,專案任務執行小組,,營建管理,114.03.15,
21381345,promissory estoppel,允諾後禁反言,,營建管理,113.07.20,
21381346,prompt payment,限期支付,,營建管理,113.07.20,
21381347,Prompt Payment Act of 1982,美國1982年限期支付法,,營建管理,113.07.20,
21381348,property insurance,產物保險；產險,,營建管理,114.05.10,
21381349,property survey,地籍測量,,營建管理,114.03.15,
21381350,proposal request,服務建議書邀請,,營建管理,113.09.28,
21381351,proprietary designation,專有指定,,營建管理,114.03.15,
21381352,proprietary information,專有資訊,,營建管理,114.03.15,
21381353,proprietary specification,專用性規範；專用性規格,,營建管理,113.09.28,
21381354,proprietorship,所有權,,營建管理,113.07.20,
21381355,prorated warranty,依[時間]比例分配保固,,營建管理,114.03.15,
21381356,protective casing,保護套管,,大地工程及結構,113.06.08,
21381357,protective device,保護裝置,,營建管理,113.09.28,
21381358,protective filter,保護濾層,,大地工程及結構,113.06.08,
21381359,prying action,槓抬作用；撬起作用,,結構工程,113.04.13,
21381360,Public Building Service (PBS),[美國]公有建築服務處,,營建管理,114.03.15,
21381361,public funding,公有資金,,營建管理,113.09.28,
21381362,public relation,公共關係；公關,,營建管理,113.09.28,
21381363,pull technique,後退銲法,,結構工程,113.04.13,
21381364,punch out,下班打卡,,營建管理,114.05.10,
21381365,punch out list,缺失清單,,營建管理,114.05.10,
21381366,punch thru,貫穿,,營建管理,114.05.10,
21381367,punching,沖孔,,結構工程,113.04.13,
21381368,punitive damages,懲罰性損害賠償；懲罰性損害賠償金,,營建管理,113.07.20,
21381369,purchase recommendation,採購建議,,營建管理,114.03.15,
21381370,purchasing agent,採購代理人；採購經紀人,,營建管理,113.09.28,
21381371,purchasing contract,採購契約,,營建管理,114.03.15,
21381372,purchasing warranty,採購保固,,營建管理,114.03.15,
21381373,push technique,前進銲法,,結構工程,113.04.13,
21381374,putty knife,油灰刀；膩子刀；批刀,,營建管理,114.05.10,
21381375,qualification of bidders,投標資格,,營建管理,113.08.10,
21381376,qualitative requirement,定性要求,,營建管理,114.03.15,
21381377,quality of design,設計品質,,營建管理,114.03.15,
21381378,quality requirement,品質要求,,營建管理,114.03.15,
21381379,queueing theory,排隊理論,,營建管理,113.08.10,
21381380,quick asset,速動資產,,營建管理,113.07.20,
21381381,rabbet,槽口,,營建管理,114.05.10,
21381382,radiating crack,放射狀裂縫；輻射狀裂縫,,結構工程,113.04.13,
21381383,radiograph test (RT),放射性檢測,,結構工程,113.04.13,
21381384,rail girder,軌道梁,,結構工程,113.04.13,
21381385,range estimating,區間估計,,營建管理,113.07.20,
21381386,rank and file,基層人員,,營建管理,113.08.10,
21381387,rat slab,舖底[混凝土]板,,營建管理,114.05.10,
21381388,rated power,額定功率,,營建管理,113.08.10,
21381389,rearc,再起弧,,結構工程,113.04.13,
21381390,rebar chair,鋼筋墊座；鋼筋墊隔器,,營建管理,114.05.10,
21381391,rebar insertion,鋼筋安裝；鋼筋安插,,結構工程,113.04.13,
21381392,recap sheet,彙整表；匯總表,,營建管理,113.07.20,
21381393,reconnaissance,踏勘；勘查；偵察,,營建管理,113.08.10,
21381394,recycling requirement,回收要求,,營建管理,114.03.15,
21381395,redecking,橋面板重新鋪築,,結構工程,113.04.13,
21381396,re-engineering,工程再造,,營建管理,113.09.28,
21381397,reentrant surface,開孔凹角面,,結構工程,113.04.13,
21381398,reference materials,參考材料；參考資料,,營建管理,114.03.15,
21381399,reflected ceiling,天花板反射平面圖；天花板配置圖,,營建管理,114.05.10,
21381400,reflected ceiling plan,天花板反射平面圖；天花板配置圖,,營建管理,114.05.10,
21381401,regulatory compliance,法規符合,,營建管理,114.03.15,
21381402,regulatory requirement,法規要求,,營建管理,114.03.15,
21381403,reheat crack,再熱裂縫{銲接},,結構工程,113.04.13,
21381404,reimbursable contract,成本歸墊契約,,營建管理,113.09.28,
21381405,reinforced concrete pipe (RCP),混凝土管,,營建管理,114.05.10,
21381406,relief valve,釋壓閥；洩壓閥,,營建管理,114.05.10,
21381407,relief vent,釋壓通風管道,,營建管理,114.05.10,
21381408,remedy,補償；救濟,,營建管理,113.07.20,
21381409,repair welding,修補銲接,,結構工程,113.04.13,
21381410,repetitive operation,重複操作；重複作業,,營建管理,113.08.10,
21381411,repetitive scheduling method (RSM),重複排程法,,營建管理,114.03.15,
21381412,reporting service,報表服務,,營建管理,113.07.20,
21381413,request for qualifications (RFQ),資格要求,,營建管理,114.03.15,
21381414,request for quote (RFQ),詢價,,營建管理,114.03.15,
21381415,requisition,申請；徵用,,營建管理,113.08.10,
21381416,research and development (R&D),研究與發展；研發,,營建管理,113.09.28,
21381417,reserved gate system,保留通道系統{罷工},,營建管理,113.07.20,
21381418,residual current circuit breaker (RCCB),漏電斷路器,,營建管理,114.05.10,
21381419,residual current device (RCD),漏電斷路器,,營建管理,114.05.10,
21381420,resistance welding,電阻銲接,,結構工程,113.04.13,
21381421,resource constraint,資源限制,,營建管理,113.08.10,
21381422,resource scheduling,資源排程,,營建管理,113.07.20,
21381423,restart of weld,銲接再起銲點；再起弧點,,結構工程,113.04.13,
21381424,restraint jig,拘束治具,,結構工程,113.04.13,
21381425,retract start technique,後退起銲法,,結構工程,113.04.13,
21381426,review comments,審查意見,,營建管理,114.03.15,
21381427,review process,審查流程,,營建管理,114.03.15,
21381428,revised page method,修訂頁法,,營建管理,114.03.15,
21381429,Richardson Engineering Database,Richardson工料價格資料庫,,營建管理,114.03.15,
21381430,ridge beam,屋脊梁,,營建管理,114.05.10,
21381431,right to work,工作權；勞動權,,營建管理,113.07.20,
21381432,rights at work,職場權利,,營建管理,113.07.20,
21381433,rigid insulation,硬質絕緣；硬質隔熱材,,營建管理,114.05.10,
21381434,ripple effect,漣漪效應,,營建管理,113.07.20,
21381435,rippled casing,波紋收邊,,營建管理,114.05.10,
21381436,riser,立管；豎井,,營建管理,114.05.10,
21381437,rock blasting,岩石鑽炸,,營建管理,113.08.10,
21381438,rock cutter,岩石切割機,,營建管理,113.08.10,
21381439,rock ripper,岩石劈裂鑿,,營建管理,113.08.10,
21381440,rock ripping bucket,岩石劈裂鏟,,營建管理,113.08.10,
21381441,rock saw,鋸石機,,營建管理,113.08.10,
21381442,rolled section,輥軋斷面,,結構工程,113.04.13,
21381443,roller bend test,輥輪彎曲試驗,,結構工程,113.04.13,
21381444,roof cricket,屋頂排水坡；防水導流坡；屋脊導水坡,,營建管理,114.05.10,
21381445,roof curb,屋頂凸緣,,營建管理,114.05.10,
21381446,roof drain,屋頂排水,,營建管理,114.05.10,
21381447,roof hatch,屋頂進出口,,營建管理,114.05.10,
21381448,roofer,屋頂工,,營建管理,113.09.28,
21381449,rooftop unit (RTU),屋頂設備機組,,營建管理,114.05.10,
21381450,root bend test,背彎試驗,,結構工程,113.04.13,
21381451,root bound,根盆縛,,營建管理,114.05.10,
21381452,root concavity,根部凹陷,,結構工程,113.04.13,
21381453,root crack,根部裂縫,,結構工程,113.04.13,
21381454,root face,根面,,結構工程,113.04.13,
21381455,root gap of fillet weld,填角銲道根部間隙,,結構工程,113.04.13,
21381456,root opening,根部間隙,,結構工程,113.04.13,
21381457,root pruning,根系修剪；斷根,,營建管理,114.05.10,
21381458,rototill,鬆土；翻土,,營建管理,114.05.10,
21381459,rototiller,鬆土機；旋耕機,,營建管理,114.05.10,
21381460,rough opening (RO),門窗粗開口；門窗毛胚開口,,營建管理,114.05.10,
21381461,rough order of magnitude (ROM) estimate,粗略估價；粗估,,營建管理,113.09.28,
21381462,rust grade,銹蝕度,,結構工程,113.04.13,
21381463,S corporation,S公司{美國},,營建管理,113.09.28,
21381464,sacrificial primer,鋅粉底漆,,結構工程,113.04.13,
21381465,safety code,安全法規,,營建管理,113.07.20,
21381466,safety data sheet (SDS),安全資料表,,營建管理,113.09.28,
21381467,safety legislation,安全法規立法,,營建管理,113.07.20,
21381468,safety program,安全計畫,,營建管理,113.07.20,
21381469,safety standard,安全標準,,營建管理,113.07.20,
21381470,safety training,安全訓練,,營建管理,113.07.20,
21381471,sag rod,防垂拉條,,結構工程,113.04.13,
21381472,salvage,殘值；殘料,,營建管理,113.08.10,
21381473,sanitary manhole,衛生下水道人孔,,營建管理,114.05.10,
21381474,sash limiter,開窗限制器,,營建管理,114.05.10,
21381475,sash lock,窗栓,,營建管理,114.05.10,
21381476,sash opening (SO),窗扇開口,,營建管理,114.05.10,
21381477,sash window,上下提拉窗；上下滑窗,,營建管理,114.05.10,
21381478,saturated density,飽和密度,,大地工程及結構,113.06.08,
21381479,savings clause,保留條款；成本節省條款,,營建管理,114.05.10,
21381480,saw tooth roof,鋸齒型屋頂,,營建管理,114.05.10,
21381481,scaled surface,黑皮；鏽皮；表面氧化層,,結構工程,113.04.13,
21381482,scallop,銲接孔；扇形孔,,結構工程,113.04.13,
21381483,scheduler,排程工程師,,營建管理,113.09.28,
21381484,scheduling engineer,排程工程師,,營建管理,113.08.10,
21381485,scissor lift,剪叉式升降機,,營建管理,114.05.10,
21381486,seal welding,封銲；封口銲,,結構工程,113.04.13,
21381487,Second Injury Fund (SIF),二次傷害基金,,營建管理,113.07.20,
21381488,secondary boycott,間接抵制{抵制上下游供貨、取貨},,營建管理,113.07.20,
21381489,secondary electric service,二次供電服務,,營建管理,114.05.10,
21381490,section drawing,剖面圖；斷面圖,,營建管理,114.03.15,
21381491,section test,剖面試驗；斷面試驗,,結構工程,113.04.13,
21381492,seismic effect,震波效應；地震效應,,營建管理,113.08.10,
21381493,seismic exploration,震波探勘,,營建管理,113.08.10,
21381494,seismicity rating,地震分級,,結構工程,113.04.13,
21381495,self closing hinge,自動回復鉸鏈；自動回歸鉸鏈,,營建管理,114.05.10,
21381496,self-shielded flux cored arc welding (FCAW-S),自遮護包藥銲線電弧銲接,,結構工程,113.04.13,
21381497,semi top down construction,半逆打工法,,營建管理,113.09.28,
21381498,semi-automatic welding,半自動銲接,,結構工程,113.04.13,
21381499,semi-stub abutment,半矮墩式橋台,,結構工程,113.04.13,
21381500,separate-gate doctrine,分別通道主義{罷工},,營建管理,113.07.20,
21381501,sequence of activities,作業序列,,營建管理,113.08.10,
21381502,servicability,服務性,,結構工程,113.04.13,
21381503,service sink,工作水槽,,營建管理,114.03.15,
21381504,set aside,預留,,營建管理,113.07.20,
21381505,setting bed,水泥砂漿舖底,,營建管理,114.05.10,
21381506,shared savings clause,保留條款；成本節省條款,,營建管理,114.05.10,
21381507,shear connection,剪力接合；剪力接頭,,營建管理,114.05.10,
21381508,shear flexible grillage,可撓剪力格架,,結構工程,113.04.13,
21381509,shear stud,剪力釘,,結構工程,113.04.13,
21381510,sheet piling abutment,板樁式橋台,,結構工程,113.04.13,
21381511,sheetmetal worker,鈑金工,,營建管理,113.09.28,
21381512,Sherman Antitrust Act,美國謝爾曼法{反壟斷法},,營建管理,113.07.20,
21381513,shielded metal arc welding (SMAW),被覆金屬電弧銲接,,結構工程,113.04.13,
21381514,shielding gas,遮護氣體,,結構工程,113.04.13,
21381515,shop splice,工廠續接；工廠搭接,,結構工程,113.04.13,
21381516,shop steward,勞工代表；勞工執事,,營建管理,113.07.20,
21381517,short circuiting transfer,短路移行,,結構工程,113.04.13,
21381518,short slotted hole,短槽孔,,結構工程,113.04.13,
21381519,shortform specification,簡式規範,,營建管理,114.03.15,
21381520,shotgun lawsuit,大量興訴,,營建管理,114.03.15,
21381521,shrinkage cavity,收縮凹陷；收縮孔,,結構工程,113.04.13,
21381522,siamese connection,消防連結送水口,,營建管理,114.05.10,
21381523,side bend test,側彎試驗,,結構工程,113.04.13,
21381524,sidelite,門邊側窗,,營建管理,114.05.10,
21381525,sign and signal,標誌與號誌,,營建管理,113.09.28,
21381526,simulated divided lite,擬真格子窗,,營建管理,114.03.15,
21381527,single hung,單吊窗,,營建管理,114.05.10,
21381528,single ply roofing,單次施作複層屋頂工法,,營建管理,114.05.10,
21381529,single white line (SWL),單白標線,,營建管理,114.05.10,
21381530,single-electrode welding,單極銲接,,結構工程,113.04.13,
21381531,single-point estimating,單點估計,,營建管理,113.07.20,
21381532,single-prime contract,單一主契約,,營建管理,114.03.15,
21381533,site clearance,整地,,營建管理,113.08.10,
21381534,site reconnaissance,工址踏勘,,營建管理,114.03.15,
21381535,site visit,現場訪視；工地巡察,,營建管理,113.07.20,
21381536,site welding,現場銲接；工地銲,,結構工程,113.04.13,
21381537,six-tenths factor rule (0.6 rule),十分之六準則{估價},,營建管理,114.03.15,
21381538,sketch log,草圖紀錄,,營建管理,114.05.10,
21381539,skew deck,斜交板；斜交橋面板,,結構工程,113.04.13,
21381540,skydome,大型天幕體育場館；巨蛋,,營建管理,113.09.28,
21381541,slag inclusion,夾渣,,結構工程,113.04.13,
21381542,slag residue,銲渣殘留,,結構工程,113.04.13,
21381543,slot weld,塞槽銲道,,結構工程,113.04.13,
21381544,slot welding,塞槽銲,,結構工程,113.04.13,
21381545,smoke detector,偵煙器,,營建管理,114.05.10,
21381546,smoke hatch,排煙天窗,,營建管理,114.05.10,
21381547,snooper,橋檢車,,結構工程,113.04.13,
21381548,snug-tight,鋼板密貼狀態,,結構工程,113.04.13,
21381549,social value,社會價值；公益價值,,營建管理,114.03.15,
21381550,Society of American Value Engineers (SAVE),美國價值工程師學會,,營建管理,113.07.20,
21381551,Society of Women Engineers (SWE),女性工程師協會,,營建管理,114.03.15,
21381552,soft wall,軟裝牆,,營建管理,114.05.10,
21381553,soil binder,土壤黏結料,,大地工程及結構,113.06.08,
21381554,soil compaction,土壤夯實,,營建管理,113.08.10,
21381555,soil densification,土壤緻密,,營建管理,113.08.10,
21381556,soil freezing,凍土工法；冷凍工法,,營建管理,113.08.10,
21381557,soil modification,土壤改良,,營建管理,114.05.10,
21381558,soil stockpile,土方暫置,,營建管理,114.03.15,
21381559,soil test,土壤試驗,,營建管理,113.08.10,
21381560,soldier course,立砌層{砌磚},,營建管理,114.05.10,
21381561,sole proprietorship,獨資,,營建管理,113.09.28,
21381562,sole source procurement,單一來源採購,,營建管理,114.03.15,
21381563,solid density,固體密度,,大地工程及結構,113.06.08,
21381564,solid inclusion,固體夾雜物；固體內含物,,結構工程,113.04.13,
21381565,solid wire,實心銲線,,結構工程,113.04.13,
21381566,sound transmission class rating (STC Rating),STC隔音等級,,營建管理,114.05.10,
21381567,sound wave,聲波,,營建管理,113.08.10,
21381568,soundproofing,隔音,,營建管理,114.05.10,
21381569,source quality control,源頭品質控制,,營建管理,114.03.15,
21381570,span of control,控制幅度,,營建管理,113.08.10,
21381571,span-by-span construction,逐跨施工,,結構工程,113.04.13,
21381572,span-to-depth ratio,跨深比,,結構工程,113.04.13,
21381573,sparky,電匠,,營建管理,114.05.10,
21381574,spatter,銲濺物,,結構工程,113.04.13,
21381575,spec mix,規格配比,,營建管理,114.05.10,
21381576,special inspector,獨立檢查員,,營建管理,114.05.10,
21381577,special service,特別服務,,營建管理,114.03.15,
21381578,specialization,專業化,,營建管理,113.09.28,
21381579,specific performance,設定履行；強制履行,,營建管理,113.09.28,
21381580,Specifications Consultants in Independent Practice (SCIP),獨立專業規範顧問,,營建管理,114.03.15,
21381581,Specifications Kept Intact (SpecsIntact),{美軍}規範自動備置系統,,營建管理,114.03.15,
21381582,specifications organizations,規範組織,,營建管理,114.03.15,
21381583,specifier,說明符號,,營建管理,114.03.15,
21381584,spill-through abutment,溢土式橋台,,結構工程,113.04.13,
21381585,spindle,[紡錘]扶手支柱,,營建管理,114.05.10,
21381586,spot welding,電阻點銲,,結構工程,113.04.13,
21381587,spray applied fire resistive materials (SFRMs),噴附式防火材料,,營建管理,114.05.10,
21381588,spray foam,噴塗泡棉,,營建管理,114.05.10,
21381589,spray transfer,噴弧移行,,結構工程,113.04.13,
21381590,spring hinge,彈簧鉸鍊,,營建管理,114.05.10,
21381591,spring washer,彈簧墊圈,,結構工程,113.04.13,
21381592,squaring,矯正,,結構工程,113.04.13,
21381593,stabilization fabric,地工織物；加固織物,,營建管理,114.05.10,
21381594,stacked bond,對縫砌磚；對齊砌磚,,營建管理,114.05.10,
21381595,staffing,用人,,營建管理,113.07.20,
21381596,staged construction,分階段施工,,結構工程,113.04.13,
21381597,staggered intermittent fillet weld,交錯斷續填角銲道,,結構工程,113.04.13,
21381598,staging,支撐架,,結構工程,113.04.13,
21381599,stair,樓梯,,結構工程,113.04.13,
21381600,standard agreement,標準協議書；標準契約,,營建管理,114.03.15,
21381601,standard form contract,定型化契約；附合契約,,營建管理,114.03.15,
21381602,standard format,標準格式；[契約]範本,,營建管理,114.03.15,
21381603,standard operating procedure (SOP),標準作業程序,,營建管理,114.05.10,
21381604,standard plant names (SPN),標準植物名稱,,營建管理,114.05.10,
21381605,standing seam roof,立式接縫屋頂；立縫屋頂,,營建管理,114.05.10,
21381606,start of weld,起銲點,,結構工程,113.04.13,
21381607,startup process,啟動流程,,營建管理,113.09.28,
21381608,state chartering bodies,政府授權機構,,營建管理,113.08.10,
21381609,statement of requirements,需求說明[書],,營建管理,114.03.15,
21381610,stationary form,固定式模板,,結構工程,113.04.13,
21381611,status report,狀態報告,,營建管理,114.03.15,
21381612,statute of frauds,防止詐欺法,,營建管理,113.09.28,
21381613,statute of repose,追訴時效消滅法,,營建管理,113.09.28,
21381614,statutory control,法定控制,,營建管理,113.09.28,
21381615,stayed-in-place form,免拆模板,,結構工程,113.04.13,
21381616,steady flow,穩定流；定量流,,大地工程及結構,113.06.08,
21381617,steel cable,鋼索,,結構工程,113.04.13,
21381618,steel grid deck,鋼格板,,結構工程,113.04.13,
21381619,steel wire,鋼線,,結構工程,113.04.13,
21381620,steel wire rope,鋼纜,,結構工程,113.04.13,
21381621,stemming,填塞物；填塞{開炸},,營建管理,113.08.10,
21381622,stemming hole,填塞孔{開炸},,營建管理,113.08.10,
21381623,stick framing,桿件式框架工法,,營建管理,114.05.10,
21381624,stipulated price,規定價格,,營建管理,114.03.15,
21381625,stipulated sum contract,固定總價契約,,營建管理,114.03.15,
21381626,stock certificate,股權證書；股票,,營建管理,113.07.20,
21381627,stock materials,庫存材料,,營建管理,113.09.28,
21381628,stockholder,股東,,營建管理,113.07.20,
21381629,stop notice,停工通知,,營建管理,114.03.15,
21381630,stored materials,已購材料,,營建管理,113.09.28,
21381631,storm sash,防颱窗；風雨窗,,營建管理,114.05.10,
21381632,stormwater manhole,雨水下水道人孔,,營建管理,114.05.10,
21381633,strain-controlled test,應變控制試驗,,大地工程及結構,113.06.08,
21381634,stray arc,弧擊,,結構工程,113.04.13,
21381635,streetscape,街景,,營建管理,114.05.10,
21381636,stress ribbon bridge,懸帶橋,,結構工程,113.04.13,
21381637,stress-controlled test,應力控制試驗,,大地工程及結構,113.06.08,
21381638,strict liability,嚴格責任；無過失責任,,營建管理,113.09.28,
21381639,stud welding,植釘銲接,,結構工程,113.04.13,
21381640,subcontracting,分包,,營建管理,113.07.20,
21381641,subcontractor agreement,分包契約,,營建管理,113.07.20,
21381642,submerged arc welding (SAW),潛弧銲接,,結構工程,113.04.13,
21381643,submerged arc welding with tubular-cored electrodes,包藥銲線潛弧銲接,,結構工程,113.04.13,
21381644,submerged density,浸水密度；浸沒密度,,大地工程及結構,113.06.08,
21381645,subpartnership,次夥伴關係,,營建管理,113.07.20,
21381646,subrogation clause,代位求償條款,,營建管理,113.07.20,
21381647,subsidy,補貼；補助金,,營建管理,114.05.10,
21381648,substance abuse,物質濫用{藥物、酒精等},,營建管理,113.09.28,
21381649,substitute,替代品；替代方案,,營建管理,113.07.20,
21381650,substitution procedure,替換程序; 置換程序,,營建管理,114.03.15,
21381651,substructure bent,下構列柱,,結構工程,113.04.13,
21381652,successive estimating,逐步估價,,營建管理,114.03.15,
21381653,summary sheet,總表；工程總表,,營建管理,113.07.20,
21381654,sump,集水坑,,營建管理,114.05.10,
21381655,sunburst window,半月窗,,營建管理,114.05.10,
21381656,Superfund,超級基金{美國有毒廢物汙染清除基金},,營建管理,113.09.28,
21381657,surety bond,保證金；擔保金,,營建管理,113.07.20,
21381658,surface casing,表層套管,,大地工程及結構,113.06.08,
21381659,surface deposit,表面堆積物,,結構工程,113.04.13,
21381660,surface dry density,面乾密度,,大地工程及結構,113.06.08,
21381661,surface mount,貼附式安裝,,營建管理,114.05.10,
21381662,surface pore,表面孔隙；麻點,,結構工程,113.04.13,
21381663,surface preparation,表面處理；銲接面處理,,結構工程,113.04.13,
21381664,surge pile,料堆,,營建管理,113.08.10,
21381665,survey control,測量控制,,營建管理,114.03.15,
21381666,suspended ceiling,吊頂式天花板,,營建管理,114.05.10,
21381667,sustainability approval,永續認證,,營建管理,114.03.15,
21381668,sustanability certification,永續認證,,營建管理,114.03.15,
21381669,sustanability standards,永續認證標準,,營建管理,114.03.15,
21381670,swing span bridge,旋轉橋,,結構工程,113.04.13,
21381671,system installation,系統安裝,,營建管理,114.03.15,
21381672,T joint,T形接合；T形接頭,,結構工程,113.04.13,
21381673,table saw,桌鋸,,營建管理,114.03.15,
21381674,tack weld imperfection,點銲不良；組立銲道不良,,結構工程,113.04.13,
21381675,take-it-or-leave-it contract,定型化契約；附合契約,,營建管理,114.03.15,
21381676,tandem welding,電極縱列銲接,,結構工程,113.04.13,
21381677,tapered beam,變斷面梁,,結構工程,113.04.13,
21381678,tapered washer,斜墊圈,,結構工程,113.04.13,
21381679,target cost contract,目標成本契約,,營建管理,114.03.15,
21381680,target estimate,目標估算,,營建管理,113.07.20,
21381681,target price,目標價格,,營建管理,113.08.10,
21381682,target value design,目標值設計；目標價值設計,,營建管理,114.03.15,
21381683,task analysis,任務分析,,營建管理,113.08.10,
21381684,task force organization,任務編組組織,,營建管理,114.03.15,
21381685,taxes on payroll,薪資稅,,營建管理,114.03.15,
21381686,team introduction,團隊介紹,,營建管理,113.09.28,
21381687,tempered glass,鋼化玻璃；強化玻璃,,營建管理,114.05.10,
21381688,temporary backing,暫時性背襯,,結構工程,113.04.13,
21381689,temporary barrier,臨時護欄；臨時屏障物,,營建管理,114.03.15,
21381690,temporary certificate of occupancy (TCO),臨時建物使用執照；臨時建物使照,,營建管理,114.05.10,
21381691,temporary facility,臨時設施,,營建管理,114.03.15,
21381692,temporary weld,暫銲,,結構工程,113.04.13,
21381693,tenon,榫,,營建管理,114.05.10,
21381694,tension field action,張力場作用,,結構工程,113.04.13,
21381695,test area,測試部位,,結構工程,113.04.13,
21381696,test material,試驗材料,,結構工程,113.04.13,
21381697,test specimen,試片；試體,,結構工程,113.04.13,
21381698,The American Federation of Labor and Congress of Industrial Organizations (AFL-CIO),美國勞工聯盟與產業組織代表會,,營建管理,114.03.15,
21381699,The Association for the Advancement of Cost Engineering (AACE),[美國]精進成本工程學會,,營建管理,114.03.15,
21381700,theoretical throat,理論喉厚；理論喉深,,結構工程,113.04.13,
21381701,thermal cutting,熱切割,,結構工程,113.04.13,
21381702,thermal transmission,熱傳遞；熱傳透,,營建管理,114.03.15,
21381703,thermal-mechanical control process (TMCP),熱機控制壓延製程,,結構工程,113.04.13,
21381704,thin set,薄塗施工；薄層砂漿{磁磚},,營建管理,114.05.10,
21381705,third party inspection,第三方檢查,,營建管理,114.05.10,
21381706,third party suit,第三方訴訟,,營建管理,113.07.20,
21381707,third-party beneficiary,第三方受益人,,營建管理,113.07.20,
21381708,third-party guarantor,第三方保證人,,營建管理,114.03.15,
21381709,three-electrode welding,三極銲接,,結構工程,113.04.13,
21381710,throat thickness,喉厚；喉深,,結構工程,113.04.13,
21381711,through arch,穿越式拱橋,,結構工程,113.04.13,
21381712,through deck shear stud,貫穿式剪力釘,,結構工程,113.04.13,
21381713,through wall unit,穿牆安裝單元,,營建管理,114.05.10,
21381714,tilt window,上推窗；上掀窗,,營建管理,114.05.10,
21381715,time and materials (T&M) contract,工料計價契約,,營建管理,113.09.28,
21381716,time and materials contracts,時間與材料契約,,營建管理,114.03.15,
21381717,time card,計時卡,,營建管理,113.07.20,
21381718,time control,時間控制,,營建管理,113.07.20,
21381719,time factor,時間因數；時間因子,,大地工程及結構,113.06.08,
21381720,time requirement,時間要求,,營建管理,114.03.15,
21381721,time sheet,工時單,,營建管理,114.03.15,
21381722,time value of money,金錢時間價值,,營建管理,113.08.10,
21381723,time-chainage diagram,時間距離圖,,營建管理,113.08.10,
21381724,time-distance diagram,時間距離圖,,營建管理,113.08.10,
21381725,timekeeper,計時員,,營建管理,113.08.10,
21381726,time-lapse photography,縮時攝影,,營建管理,113.08.10,
21381727,tinted glass,染色玻璃,,營建管理,114.05.10,
21381728,title line,地權線,,營建管理,114.05.10,
21381729,title to material,材料歸屬權,,營建管理,113.07.20,
21381730,toe crack,銲趾裂縫,,結構工程,113.04.13,
21381731,toe joint,趾部接合,,結構工程,113.04.13,
21381732,toe nail,趾釘法,,營建管理,114.05.10,
21381733,tool box talk,工具箱會議；危害告知宣導,,營建管理,114.05.10,
21381734,toolbox meeting,工具箱會議,,營建管理,113.09.28,
21381735,top down construction,逆打工法,,營建管理,113.09.28,
21381736,topographical survey,地形測量,,營建管理,114.03.15,
21381737,torch,銲槍；切割槍,,結構工程,113.04.13,
21381738,torch angle,銲槍角度；銲條角度,,結構工程,113.04.13,
21381739,torch inclination,銲槍傾斜角度,,結構工程,113.04.13,
21381740,torn surface,暫銲拆除傷痕,,結構工程,113.04.13,
21381741,torque control bolt (TCB),扭力控制型螺栓,,結構工程,113.04.13,
21381742,tort liability,侵權責任,,營建管理,113.09.28,
21381743,total cost of ownership (TCO),總持有成本,,營建管理,113.08.10,
21381744,total density,總密度,,大地工程及結構,113.06.08,
21381745,total system warranty,全系統保固,,營建管理,114.03.15,
21381746,touch up,補漆,,結構工程,113.04.13,
21381747,tractor-pulled scraper,牽引式刮運機,,營建管理,113.09.28,
21381748,trade association,同業公會,,營建管理,113.09.28,
21381749,trade union,工會；職業工會,,營建管理,113.07.20,
21381750,trade unions,職業工會,,營建管理,113.09.28,
21381751,trades,行業；工種,,營建管理,113.09.28,
21381752,Trans-Alaska Pipeline System,阿拉斯加輸油管路系統,,營建管理,113.09.28,
21381753,transom,橫楣；門窗上方小窗,,營建管理,114.05.10,
21381754,transverse bending distortion,側向彎曲扭曲變形,,結構工程,113.04.13,
21381755,transverse face bend test,橫向面彎試驗,,結構工程,113.04.13,
21381756,transverse rib,橫向肋條,,結構工程,113.04.13,
21381757,transverse root bend test,橫向背彎試驗{銲道橫向試片之背彎試驗},,大地工程及結構,113.06.08,
21381758,transverse shrinkage distortion,橫向收縮變形,,大地工程及結構,113.06.08,
21381759,transverse side bend test,橫向側彎試驗{銲道橫向試片之側彎試驗},,大地工程及結構,113.06.08,
21381760,transverse tensile test,橫向拉伸試驗{銲道橫向試片之拉伸試驗},,大地工程及結構,113.06.08,
21381761,traveling project manager (TPM),外派專案經理,,營建管理,113.08.10,
21381762,trench drain,地面截水溝,,營建管理,114.05.10,
21381763,trenchless excavation,免開挖管道工法,,營建管理,114.05.10,
21381764,trestle,棧橋,,大地工程及結構,113.06.08,
21381765,truck wash,洗車設施,,營建管理,114.05.10,
21381766,true divided lite,真實格子窗,,營建管理,114.03.15,
21381767,tubular-cored metal-arc welding with active gas shield,包藥銲線MAG銲接,,大地工程及結構,113.06.08,
21381768,tubular-cored metal-arc welding with inert gas shield,包藥銲線MIG銲接,,大地工程及結構,113.06.08,
21381769,tubular-cored wire,包藥銲線,,大地工程及結構,113.06.08,
21381770,tunnel form,隧道模板,,營建管理,114.05.10,
21381771,turnaround document (TAD),周轉文件；回遞文件,,營建管理,113.09.28,
21381772,turnkey project,啓鑰專案；統包專案,,營建管理,113.07.20,
21381773,turnover process,轉換流程；人力替換流程,,營建管理,113.09.28,
21381774,twist distortion,扭轉變形,,大地工程及結構,113.06.08,
21381775,two-electrode welding,雙極銲接,,大地工程及結構,113.06.08,
21381776,U.S. Department of Labor ,美國勞工部,,營建管理,114.03.15,
21381777,U.S. Green Building Council (USGBC),美國綠建築委員會,,營建管理,114.03.15,
21381778,U.S. National CAD Standard (NCS),美國國家電腦輔助繪圖標準,,營建管理,114.03.15,
21381779,UL label,優力安規認證標籤,,營建管理,114.05.10,
21381780,ultra wide plank,超寬木地板材,,營建管理,114.05.10,
21381781,ultrasonic test (UT),超音波檢測,,大地工程及結構,113.06.08,
21381782,unbalanced bid,不平衡標,,營建管理,113.07.20,
21381783,unconfined compressive strength (UCS),無圍壓縮強度,,大地工程及結構,113.06.08,
21381784,unconsolidated-undrained test (UU test),不壓密不排水試驗,,大地工程及結構,113.06.08,
21381785,underbead crack,銲道下方裂縫,,大地工程及結構,113.06.08,
21381786,underflushing,過度研磨,,大地工程及結構,113.06.08,
21381787,undermining,淘空；底蝕,,大地工程及結構,113.06.08,
21381788,Underwriters Laboratories (UL),優力安規認證試驗室,,營建管理,114.05.10,
21381789,unemployment insurance,失業險,,營建管理,113.07.20,
21381790,unexpected condition,非預期情況,,營建管理,113.07.20,
21381791,unforeseen condition,未可預見情況,,營建管理,113.07.20,
21381792,uniaxial compressive strength,單軸壓縮強度,,大地工程及結構,113.06.08,
21381793,uniaxial stress state,單軸應力狀態,,大地工程,113.04.27,
21381794,uniform building code (UBC),美國標準建築規則,,營建管理,113.08.10,
21381795,uniform construction bid,美國標準營建標案,,營建管理,113.08.10,
21381796,uniform construction code (UCC),美國標準營建規則,,營建管理,113.08.10,
21381797,Uniform Construction Index (UCI),統一營建索引[編碼系統],,營建管理,114.03.15,
21381798,Uniform Location of Subject Matter (ULSM),主題文件之統一位置；標的文件之統一位置{契約},,營建管理,114.03.15,
21381799,uniform traffic controls (UTC),統一交通管制規則,,營建管理,114.05.10,
21381800,uniformly distributed porosity,均布孔隙；均布氣孔,,大地工程及結構,113.06.08,
21381801,unilateral mistake,單方錯誤,,營建管理,113.07.20,
21381802,union,工會,,營建管理,113.07.20,
21381803,union hiring hall,工會之招募窗口,,營建管理,113.07.20,
21381804,union security agreement,工會保障協議,,營建管理,113.07.20,
21381805,union shop,工會制事業單位,,營建管理,113.07.20,
21381806,union steward,工會代表；工會執事,,營建管理,113.07.20,
21381807,unit pricing,單價訂定,,營建管理,113.09.28,
21381808,United Facilities Guide Specifications (UFGS),[美國]統一設施指南規範,,營建管理,114.03.15,
21381809,United States-Mexico-Canada Agreement (USMCA),北美自由貿易協定；美墨加協定,,營建管理,113.09.28,
21381810,units completed,完成單元數,,營建管理,113.09.28,
21381811,up/down construction,逆打工法,,營建管理,113.09.28,
21381812,up/up construction,雙順打工法,,營建管理,113.09.28,
21381813,upset price,拍賣底價,,營建管理,113.07.20,
21381814,upward welding,立銲上進,,大地工程及結構,113.06.08,
21381815,US customary unit,美式英制單位；美制單位,,營建管理,113.08.10,
21381816,use and occupancy insurance (U&O),使用與持有保險；營業中斷保險；停工損失保險,,營建管理,114.03.15,
21381817,utility easement,公共設施地役權,,營建管理,114.05.10,
21381818,vandalism,惡意毀損行為,,營建管理,114.03.15,
21381819,vertical integration,垂直整合,,營建管理,114.03.15,
21381820,vertical position,立銲姿勢；垂直位置,,大地工程及結構,113.06.08,
21381821,vertical welding,立銲,,大地工程及結構,113.06.08,
21381822,vertically integrated production,垂直整合生產,,營建管理,114.03.15,
21381823,Veterans Administration (VA),退伍軍人服務處；退輔會,,營建管理,114.03.15,
21381824,visual test (VT),目視檢測；目視檢驗,,大地工程及結構,113.06.08,
21381825,vocational school,職業學校；技職學校,,營建管理,114.03.15,
21381826,wacker,小型土壤夯實機,,營建管理,114.05.10,
21381827,wainscot,護牆版,,營建管理,114.03.15,
21381828,wainscoting,護牆版,,營建管理,114.05.10,
21381829,wall washer,洗牆燈,,營建管理,114.05.10,
21381830,Walsh-Healey Public Contracts Act (PCA),美國沃斯-海利公共契約法,,營建管理,113.07.20,
21381831,warranty bond,保固金,,營建管理,113.07.20,
21381832,warranty of title,所有權擔保,,營建管理,114.03.15,
21381833,warranty period,保固期,,營建管理,113.07.20,
21381834,wash primer,金屬表面處理劑,,大地工程及結構,113.06.08,
21381835,waste management,廢棄物管理,,營建管理,114.03.15,
21381836,water density,水密度,,大地工程及結構,113.06.08,
21381837,water footprint,水足跡,,營建管理,114.03.15,
21381838,water pump,抽水機,,營建管理,113.08.10,
21381839,water quality unit (WQU),淨水單元；水質單位,,營建管理,114.05.10,
21381840,watercraft liability,水上作業保險,,營建管理,114.03.15,
21381841,waterproof membrane,防水薄膜,,大地工程及結構,113.06.08,
21381842,wavering,表面不平整,,營建管理,114.05.10,
21381843,wear,磨耗 ,,大地工程及結構,113.06.08,
21381844,wearing surface,磨耗面,,營建管理,114.05.10,
21381845,weather resistance,耐候性,,營建管理,114.03.15,
21381846,weatherboard,護牆板；風雨板,,營建管理,114.05.10,
21381847,weave bead,織動銲道,,大地工程及結構,113.06.08,
21381848,weaving technique,織動銲法,,大地工程及結構,113.06.08,
21381849,weld area,銲接區域,,大地工程及結構,113.06.08,
21381850,weld axis,銲道軸線,,大地工程及結構,113.06.08,
21381851,weld interface,熔融界面,,大地工程及結構,113.06.08,
21381852,weld junction,熔融界面；熔融接合面,,大地工程及結構,113.06.08,
21381853,weld line,銲接線,,大地工程及結構,113.06.08,
21381854,weld pool,熔池,,大地工程及結構,113.06.08,
21381855,weld run sequence,熔填順序,,大地工程及結構,113.06.08,
21381856,weld sequence,銲接順序,,大地工程及結構,113.06.08,
21381857,weld size,銲道尺寸,,大地工程及結構,113.06.08,
21381858,weld tab,導銲板,,大地工程及結構,113.06.08,
21381859,weld toe,銲趾,,大地工程及結構,113.06.08,
21381860,weld zone,銲接區,,大地工程及結構,113.06.08,
21381861,weldability,銲接性；可銲性,,大地工程及結構,113.06.08,
21381862,weldability test,銲接性試驗；可銲性試驗,,大地工程及結構,113.06.08,
21381863,welded joint,銲接接合；銲接接頭,,大地工程及結構,113.06.08,
21381864,welding condition,銲接條件,,大地工程及結構,113.06.08,
21381865,welding consumables,銲接材料；銲接耗材,,大地工程及結構,113.06.08,
21381866,welding current,銲接電流,,大地工程及結構,113.06.08,
21381867,welding defect,銲接缺陷,,大地工程及結構,113.06.08,
21381868,welding distortion,銲接變形,,大地工程及結構,113.06.08,
21381869,welding equipment,銲接設備,,大地工程及結構,113.06.08,
21381870,welding flaw,銲接瑕疵,,大地工程及結構,113.06.08,
21381871,welding machine,銲接機具,,大地工程及結構,113.06.08,
21381872,welding method,銲接方法,,大地工程及結構,113.06.08,
21381873,welding operation,銲接作業,,大地工程及結構,113.06.08,
21381874,welding parameter,銲接參數,,大地工程及結構,113.06.08,
21381875,welding performance test,銲接作業性試驗；銲接工作性試驗,,大地工程及結構,113.06.08,
21381876,welding position,銲接姿勢,,大地工程及結構,113.06.08,
21381877,welding preformance qualification,銲接技能檢定,,大地工程及結構,113.06.08,
21381878,welding procedure test,銲接程序試驗,,大地工程及結構,113.06.08,
21381879,welding process,銲接方法,,大地工程及結構,113.06.08,
21381880,welding schedule,銲接計畫,,大地工程及結構,113.06.08,
21381881,welding sequence schedule,銲接順序計畫,,大地工程及結構,113.06.08,
21381882,welding set,銲接設備,,大地工程及結構,113.06.08,
21381883,welding speed,銲接速率,,大地工程及結構,113.06.08,
21381884,welding transfer,熔滴移行{銲接},,結構工程,113.03.30,
21381885,welding transformer,銲接用變壓器,,大地工程及結構,113.06.08,
21381886,welding wire,銲線,,大地工程及結構,113.06.08,
21381887,welds,銲道,,大地工程及結構,113.06.08,
21381888,wet density,濕密度,,大地工程及結構,113.06.08,
21381889,wheel of learning (WOL),學習輪,,營建管理,113.07.20,
21381890,wheelchair ramp,無障礙坡道,,營建管理,114.05.10,
21381891,wide plank,寬木地板材,,營建管理,114.05.10,
21381892,widen,加寬；拓寬,,營建管理,114.05.10,
21381893,width-thickness ratio,寬厚比,,大地工程及結構,113.06.08,
21381894,wildcat strike,未經工會同意之罷工,,營建管理,113.07.20,
21381895,Williams-Steiger Act,美國職業安全衛生法,,營建管理,113.08.10,
21381896,wind post,抗風柱,,大地工程及結構,113.06.08,
21381897,window assembly,組合窗；窗戶組裝,,營建管理,114.05.10,
21381898,window well,窗井,,營建管理,114.10.04,
21381899,windowsill,窗臺,,營建管理,114.10.04,
21381900,winter protection,防寒保護措施,,營建管理,114.10.04,
21381901,wire diameter,銲線線徑,,大地工程及結構,113.06.08,
21381902,wire feeder,送線機,,大地工程及結構,113.06.08,
21381903,wire glass,鋼絲玻璃,,營建管理,114.10.04,
21381904,women-owned business enterprises (WBEs),女性擁有之企業,,營建管理,113.07.20,
21381905,work change directive,工作變更指示,,營建管理,114.03.15,
21381906,Work Hours Act of 1962,美國1962年工時法,,營建管理,113.07.20,
21381907,work injuries and illnesses,職業傷病,,營建管理,113.07.20,
21381908,work preservation clause,工作保留條款,,營建管理,113.07.20,
21381909,work rules,工作規則,,營建管理,113.08.10,
21381910,work task,工作任務,,營建管理,113.08.10,
21381911,workers' compensation laws,勞工補償法律,,營建管理,113.07.20,
21381912,working line,工作線,,大地工程及結構,113.06.08,
21381913,workmanlike manner,具工藝水準做法,,營建管理,114.03.15,
21381914,workmanship,工藝,,營建管理,114.03.15,
21381915,workmen's compensation insurance,勞工賠償保險,,營建管理,113.08.10,
21381916,wormhole,蟲孔；蟲形氣孔,,大地工程及結構,113.06.08,
21381917,XCU exclusion,爆炸(X)、崩塌(C)、地下(U)等危害排除條款{保險},,營建管理,114.03.15,
21381918,yard drain,庭院排水,,營建管理,114.10.04,
21381919,yellow-dog contract,黃犬契約；限制勞工加入工會之契約,,營建管理,113.07.20,
21381920,zip strip,間隙飾條,,營建管理,114.10.04,
21381921,zoning approval,土地使用分區核定,,營建管理,114.10.04,
21381922,zoning location survey,使用分區測量,,營建管理,114.03.15,
21381923,zoning verification letter,土地使用分區證明,,營建管理,114.10.04,
