ID,英文名稱,中文名稱,圖片,出處,備註,更新日期
6250120,(Policy) Ambiguity,疑義,,保險法法條,,2020-01-07
6250121,(Third party) Direct action,(第三人)直接請求權,,保險法學,,2020-01-07
6250122,Abandon,委棄 ； 委付,,海商法法條,,2020-01-07
6250123,Abandoning trademark right,拋棄商標權,,商標法,,2020-01-07
6250124,Absolute novelty,絕對新穎性,,專利法學,,2020-01-07
6250125,Abstract,摘要,,專利法條,,2020-01-07
6250126,Accelerated examination,優先審查,,專利法條,,2020-01-07
6250127,Accessory,附屬費,,海商法法條,,2020-01-07
6250128,Accident,意外事故,,保險法學,,2020-01-07
6250129,Accredited investor,合格投資人,,證券交易法條文,,2020-01-07
6250130,Acquisition,收購,,企業併購法條文,,2020-01-07
6250131,Act of god,天災,,海商法法條,,2020-01-07
6250132,Actuarial fairness,精算公平,,保險實務,英美法無對價平衡原則之名稱，其原文來自德文Aeguivalenzsprinzip，但保險實務上有精算公平原則與對價平衡原則相同內涵,2020-01-07
6250133,Additions and corrections,補正,,專利法條,,2020-01-07
6250134,Adjustment,理算,,保險法法條,,2020-01-07
6250135,Advance notice of patent rejection,專利核駁理由先行通知書,,專利法條,,2020-01-07
6250136,Affiliate,關係企業,,公司法條文 ；企業併購法條文,,2020-01-07
6250137,Agency costs,代理成本,,公司法學,,2020-01-07
6250138,Agency problems,代理問題,,公司法學,,2020-01-07
6250139,Agricultural invention,農業發明,,專利法條,,2020-01-07
6250140,All elements rule,全要件原則,,專利法學,,2020-01-07
6250141,Alter ego,（股東之）變裝,,公司法學,,2020-01-07
6250142,Alternative name,字號,,商標法,,2020-01-07
6250143,Ambiguity is construed against the drafter / Doctrine of contra preferentem,疑義不利於擬文者,,保險法學,,2020-01-07
6250144,Amendment,修正,,專利法條,,2020-01-07
6250145,Amendment of article,變更章程,,公司法條文,,2020-01-07
6250146,Amendment to the reproduction of a trademark which does not substantially change such trademark,商標圖樣之非實質變更,,商標法,,2020-01-07
6250147,American Depositary Receipt / ADR,美國存託憑證,,證券交易實務,,2020-01-07
6250148,Annual business report,營業報告書,,公司法條文,,2020-01-07
6250149,Annual financial report,年度財務報告,,證券交易法條文,,2020-01-07
6250150,Annual general meeting / AGM,股東常會,,公司法條文,,2020-01-07
6250151,Annual report,年報,,證券交易法條文,,2020-01-07
6250152,Annuity insurance,年金保險,,保險法法條,,2020-01-07
6250153,Anti-fraud provision,反詐欺條款,,證券交易法學,,2020-01-07
6250154,Application for declaration of bankruptcy,聲請宣告破產,,公司法條文,,2020-01-07
6250155,Apply / Mutatis mutandis,準用,,商標法,,2020-01-07
6250156,Appointment,委任,,公司法條文,,2020-01-07
6250157,Appraisal right,股份收買請求權,,公司法條文 ；企業併購法條文,,2020-01-07
6250158,Appurtenance,屬具,,海商法法條,,2020-01-07
6250159,Arbitration clause,仲裁條款,,海商法法條,,2020-01-07
6250160,Article of incorporation/ Certificate of incorporation/ Article of association/ Charter,章程,,公司法條文,Article of incorporation（美國模範商業公司法）/  Certificate of incorporation（美國德拉瓦州公司法）/ Article of association（英國公司法）/ Charter（英美實務）,2020-01-07
6250161,Attribution right,姓名表示權,,專利法學,,2020-01-07
6250162,Audit committee,審計委員會,,證券交易法條文,,2020-01-07
6250163,Authorized share capital,授權資本,,公司法學,,2020-01-07
6250164,Bankruptcy,破產,,公司法條文,,2020-01-07
6250165,Bareboat charterparty / Demise charterparty,光船傭船,,海商實務,光船傭船性質上為船舶租賃，而bareboad與demise之差別為前者為空船不附船員，後者則附船員,2020-01-07
6250166,Bearer share,無記名股票,,公司法條文,,2020-01-07
6250167,Beneficial owner,受益所有人,,公司法學,,2020-01-07
6250168,Beneficiary,受益人,,保險法法條,,2020-01-07
6250169,Best interest of the shareholders,股東最大利益,,企業併購法條文,,2020-01-07
6250170,Best-efforts underwriting,代銷,,證券交易法條文,,2020-01-07
6250171,Bills of lading,載貨證券,,海商法法條,,2020-01-07
6250172,Binder / Cover note,暫保單,,保險法法條,,2020-01-07
6250173,Blanket policy / Open policy,總括保險,,保險法法條,,2020-01-07
6250174,Board of directors,董事會,,公司法條文 ；證券交易法條文,,2020-01-07
6250175,Bona fide purchaser,善意取得人,,證券交易法條文,,2020-01-07
6250176,Bona fide third person,善意第三人,,公司法條文,,2020-01-07
6250177,Bonding insurance,保證保險,,保險法法條,,2020-01-07
6250178,Book-entry share / Book-entry stock share / Share of stock in book-entry form,登錄股票,,公司實務,,2020-01-07
6250179,Branch office,分公司,,公司法條文,,2020-01-07
6250180,Broker,經紀商,,證券交易法條文,,2020-01-07
6250181,Brokerage / Commission,佣金,,保險法法條,,2020-01-07
6250182,Bunker,燃料 ； 燃油,,海商實務,,2020-01-07
6250183,Business judgment rule / BJR,經營判斷原則 ； 經營判斷法則 ； 商業判斷法則 ； 商業判斷原則,,公司法學,,2020-01-07
6250184,Business Mergers and Acquisitions Act,企業併購法,,企業併購法名稱,,2020-01-07
6250185,Business operation,業務經營,,公司法條文,,2020-01-07
6250186,Bylaw,辦事細則,,公司法學,,2020-01-07
6250187,Cancellation,解約,,保險法法條,,2020-01-07
6250188,Capital market,資本市場,,證券交易法學,,2020-01-07
6250189,Capture,捕獲,,海商法法條,,2020-01-07
6250190,Carriage of cargo,貨物運送,,海商法法條,,2020-01-07
6250191,Carriage of passenger,旅客運送,,海商法法條,,2020-01-07
6250192,Carrier,運送人,,海商法法條,,2020-01-07
6250193,Cash out merger / Squeeze out merger,現金逐出合併,,企業併購法學,,2020-01-07
6250194,Cash value,現金價值,,保險法法條,,2020-01-07
6250195,Casualty insurance,意外保險,,保險法法條,,2020-01-07
6250196,Catastrophe insurace,巨災保險,,保險實務,,2020-01-07
6250197,Catastrophic loss,巨災損失,,保險法法條,,2020-01-07
6250198,Cede,分出,,保險法法條,,2020-01-07
6250199,Cedent / Ceding company,分出公司,,保險實務,,2020-01-07
6250200,Centralized securities exchange market,集中交易市場,,證券交易法條文,,2020-01-07
6250201,Certificate of entitlement to new shares,新股權利證書,,證券交易法條文,,2020-01-07
6250202,Certificated share / Physical share certificate,實體股票,,公司實務,,2020-01-07
6250203,Certification mark,證明標章,,商標法,,2020-01-07
6250204,Certified Public Accountant,簽證會計師,,證券交易法條文,,2020-01-07
6250205,Change to trademark right,商標權異動,,商標法,,2020-01-07
6250206,Charter party / c/p,傭船契約,,海商法學,,2020-01-07
6250207,Chief executive officer / CEO,執行長,,公司實務,,2020-01-07
6250208,Chief financial officer / CFO,財務長,,公司實務,,2020-01-07
6250209,Chief operating officer / COO,營運長,,公司實務,,2020-01-07
6250210,Civil liabilities,民事責任,,公司法條文 ；證券交易法條文,,2020-01-07
6250211,Claim construction,解釋申請專利範圍,,專利法學,,2020-01-07
6250212,Class action,團體訴訟,,證券交易法實務,,2020-01-07
6250213,Classification of goods,商品之分類,,商標法,,2020-01-07
6250214,Classification of services,服務之分類,,商標法,,2020-01-07
6250215,Co-insurance,共保,,保險法法條,,2020-01-07
6250216,Collective mark,團體商標,,商標法,主管機關之用語為collective trademark。國際條約及英美法使用collective mark。,2020-01-07
6250217,Collective membership mark,團體標章,,商標法,,2020-01-07
6250218,Collision,碰撞,,海商法法條,,2020-01-07
6250219,Color,顏色,,商標法,,2020-01-07
6250220,Combination,聯合式,,商標法,,2020-01-07
6250221,Commercial liability insurance / CGL,綜合責任保險,,保險實務,,2020-01-07
6250222,Common adventure,共同海上航程 ； 冒險,,海商法學,,2020-01-07
6250223,Common share,普通股,,公司實務,,2020-01-07
6250224,Company act/ Corporation act/ Corporation law,公司法,,公司法名稱,Companies Act 2006 （英）/ Model Business Corporation Act（美）/ General Corporation Law （美、德拉瓦州）,2020-01-07
6250225,Company Limited by Shares,股份有限公司,,公司法條文 ；證券交易法條文 ；企業併購法條文,,2020-01-07
6250226,Compensation committee / Remuneration committee,薪資報酬委員會 ； 薪酬委員會 ； 報酬委員會,,證券交易法條文,Compensation committee（美式） / Remuneration committee （英式）,2020-01-07
6250227,Compensation / Remuneration,報酬,,公司法條文 ；證券交易法條文,美國常用compensation表示公司董事、經理人、員工等之薪酬，可參考2010年Dodd-Frank Wall Street Reform and Consumer Protection Act 第951條至第955條之規定 ；英國及歐盟之規範則常用remuneration表示報酬。,2020-01-07
6250228,Compulsory license,強制授權,,專利法條,,2020-01-07
6250229,Computer generated icon,電腦圖像,,專利法條,,2020-01-07
6250230,Conflicts of interest,利益衝突,,公司法學,,2020-01-07
6250231,Confusion,混淆誤認,,商標法,,2020-01-07
6250232,Consignee,受貨人,,海商法法條,,2020-01-07
6250233,Consolidated examination,合併審查,,專利法條,,2020-01-07
6250234,Consolidated goods,併裝貨物,,海商實務,,2020-01-07
6250235,Container,貨櫃,,海商法法條,,2020-01-07
6250236,Contemporaneous trader,同時期交易人,,證券交易法學,,2020-01-07
6250237,Continuations of application,追加專利,,專利法學,,2020-01-07
6250238,Contraband,違禁物 ； 違禁品,,海商法法條,法條用語為違禁物，實務上亦稱違禁品,2020-01-07
6250239,Contractus aleatoria,射倖性契約,,保險法學,,2020-01-07
6250240,Contributory infringement,輔助侵害,,專利法學,,2020-01-07
6250241,Contributory value,分擔價值,,海商法法條,,2020-01-07
6250242,Control premium,控制權溢價,,公司法學,,2020-01-07
6250243,Controlling company,控制公司,,公司法條文 ；企業併購法條文,,2020-01-07
6250244,Controlling shareholder,控制性股東,,公司法學,,2020-01-07
6250245,Convertible bond,可轉換公司債,,公司法條文 ；證券交易法條文,,2020-01-07
6250246,Corporate bond,公司債,,公司法條文 ；證券交易法條文,,2020-01-07
6250247,Corporate bond with warrant,附認股權公司債,,公司法條文 ；證券交易法條文,,2020-01-07
6250248,Corporate bondholders' list,公司債存根簿,,公司法條文 ；證券交易法條文,全國法規資料庫翻譯為「counterfoil of corporate bonds,2020-01-07
6250249,Corporate governance,公司治理,,公司法學,,2020-01-07
6250250,Corporate social responsibility,企業社會責任 ； 公司社會責任,,公司法學,,2020-01-07
6250251,Correction of error,誤記訂正,,專利法條,,2020-01-07
6250252,Correction of translation error,誤譯訂正,,專利法條,,2020-01-07
6250253,Correspondent,聯絡人,,海商實務,相互保險組織於海外各地協助處理事務之聯絡人,2020-01-07
6250254,Coverage,承保[範圍],,保險法法條,,2020-01-07
6250255,Cumulative voting,累積投票制,,公司實務,,2020-01-07
6250256,Customs revoke detention,海關廢止查扣,,商標法,,2020-01-07
6250257,Damage,損害,,證券交易法條文,,2020-01-07
6250258,Damages,損害賠償,,專利法條,,2020-01-07
6250259,Damages,損害賠償,,商標法,,2020-01-07
6250260,Dangerous cargo / DG cargo,危險物品,,海商實務,,2020-01-07
6250261,De facto director,事實上董事,,公司法學（英）,,2020-01-07
6250262,De Facto Merger,事實合併,,企業併購法學,此概念由美國判例法產生，係指公司轉讓全部或主要部分之營業或資產給他公司，以換取他公司之股份，屬於資產收購之方式。,2020-01-07
6250263,De jure director,法律上董事,,公司法學,,2020-01-07
6250264,Dealer,自營商,,證券交易法條文,,2020-01-07
6250265,Deception,公眾誤認誤信,,商標法,主管機關之用語為mislead。,2020-01-07
6250266,Declarations of value,報明價值,,海商法法條,,2020-01-07
6250267,Deductible,自負額,,保險實務,,2020-01-07
6250268,Deep Rock Doctrine,深石原則,,公司法學（美）,衡平居次原則係美國最高法院於Taylor v. Standard Gas & Electric Co.案所確立之理論，因被告之從屬公司為「深石」（Deep Rock）石油公司，故一般將此一理論稱為「深石原則」。在本案中，法院認為深石公司身為被告之從屬公司，其在成立之初，資本即已不足，且其業務經營完全受被告公司所控制，經營方法主要為被告公司之利益，因此判決被告公司對深石公司之債權應次於深石公司之其他債權受清償。,2020-01-07
6250269,Definiteness,明確,,專利法條,,2020-01-07
6250270,Delay,遲到,,海商法法條,,2020-01-07
6250271,Delivery,交清,,海商法法條,,2020-01-07
6250272,Delivery order,小提單,,海商實務,用載貨證券換取向倉庫領取貨物之憑證,2020-01-07
6250273,Dematerialized share / Paperless share,無實體股票,,公司實務,,2020-01-07
6250274,Demurrage,延滯費,,海商法法條,,2020-01-07
6250275,Deposit of biological material,生物材料寄存,,專利實務,,2020-01-07
6250276,Depositary receipt / DR,存託憑證,,證券交易法條文,,2020-01-07
6250277,Derivative design patent,衍生設計專利,,專利法條,,2020-01-07
6250278,Derivative suit / Derivative litigation,代位訴訟 ； 代表訴訟,,公司法條文,,2020-01-07
6250279,Derivatives,衍生性商品,,證券交易法條文,,2020-01-07
6250280,Design around,迴避設計,,專利實務,,2020-01-07
6250281,Design patent,設計專利,,專利法條,,2020-01-07
6250282,Designated goods,指定使用之商品,,商標法,,2020-01-07
6250283,Designated services,指定使用之服務,,商標法,,2020-01-07
6250284,Designer,設計人,,專利法條,,2020-01-07
6250285,Destruction of infringing articles,銷毀侵害商標權之物品,,商標法,,2020-01-07
6250286,Deviation,偏航,,海商法法條,,2020-01-07
6250287,"Diagnostic, therapeutic and surgical methods",診斷、治療或外科手術方法,,專利法條,,2020-01-07
6250288,Direct control,直接控制,,公司法條文,,2020-01-07
6250289,Direct infringement,直接侵害,,專利法學,,2020-01-07
6250290,Director,董事,,公司法條文 ；證券交易法條文,,2020-01-07
6250291,Disaster,災難,,海商法法條,,2020-01-07
6250292,Discharge,解任,,公司法條文,,2020-01-07
6250293,Discharging,卸載,,海商法法條,,2020-01-07
6250294,Disclaimer,不專用之聲明,,商標法,,2020-01-07
6250295,Disclose or abstain rule,公開消息否則戒絕交易法則,,證券交易法學,,2020-01-07
6250296,Disclosure,告知 {保險法學} ； 公開 {證券交易法條文},,保險法學、證券交易法條文,,2020-01-07
6250297,Disembarkation,起岸,,海商法法條,,2020-01-07
6250298,Disgorgement,歸入權,,公司法學 ；證券交易法學,,2020-01-07
6250299,Display,陳列,,商標法,,2020-01-07
6250300,Disposition,處分,,商標法,,2020-01-07
6250301,Dissemination,散布,,證券交易法條文,,2020-01-07
6250302,Dissolution,解散,,公司法條文,,2020-01-07
6250303,Dissolved company,消滅公司,,公司法條文 ；企業併購法條文,,2020-01-07
6250304,Distinctive sign,具有識別性之標識,,商標法,主管機關之用語為sign with distinctiveness。,2020-01-07
6250305,Distinctiveness / Distinctive character,識別性,,商標法,,2020-01-07
6250306,Division of an application for registration,註冊申請案之分割,,商標法,,2020-01-07
6250307,Divisional application,分割申請,,專利實務,,2020-01-07
6250308,Doctrine of equivalents,均等論,,專利法學,,2020-01-07
6250309,Doctrine of exhaustion,權利耗盡原則,,專利法學,,2020-01-07
6250310,Domestic exhaustion,國內耗盡,,專利法學,,2020-01-07
6250311,Domestic priority for patent filing,國內優先權,,專利實務,,2020-01-07
6250312,Double insurance,複保險,,保險法法條,,2020-01-07
6250313,Double patenting,重複專利,,專利法學,,2020-01-07
6250314,Drawing,圖示 {專利法條} ； 圖形 {商標法},,專利法條、商標法,,2020-01-07
6250315,Due care of a good administrator,善良管理人之注意,,公司法條文,,2020-01-07
6250316,Dunnage,墊艙,,海商法法條,,2020-01-07
6250317,Duty of candor,誠實揭露義務,,證券交易法學,,2020-01-07
6250318,Duty of care,注意義務,,公司法學，企業併購法條文,,2020-01-07
6250319,Duty of good faith,善意義務,,公司法學,,2020-01-07
6250320,Duty of good faith and fair dealing,誠信善意與公平交易義務,,保險法學,,2020-01-07
6250321,Duty of loyalty,忠實義務,,公司法學,,2020-01-07
6250322,Duty to defend,抗辯義務,,保險法學,,2020-01-07
6250323,Duty to mitigate,減少損失之義務,,保險法學,,2020-01-07
6250324,Duty to settle,和解義務,,保險法學,,2020-01-07
6250325,Early publication,早期公開,,專利實務,,2020-01-07
6250326,Enablement,據以實現,,專利法條,,2020-01-07
6250327,Endorsement,批單,,保險實務,,2020-01-07
6250328,Endowment,滿期,,保險實務,,2020-01-07
6250329,Enforcement Rules For,保險法施行細則,,保險法規名稱,,2020-01-07
6250330,Enforcement Rules of the Trademark Law,商標法施行細則,,商標法,,2020-01-07
6250331,Equal access theory,資訊平等理論,,證券交易法學,,2020-01-07
6250332,Equipment,設備,,海商法法條,,2020-01-07
6250333,Equitable subordination,衡平居次原則,,公司法學（美）,衡平居次原則係美國最高法院於Taylor v. Standard Gas & Electric Co.案所確立之理論，因被告之從屬公司為「深石」（Deep Rock）石油公司，故一般將此一理論稱為「深石原則」。在本案中，法院認為深石公司身為被告之從屬公司，其在成立之初，資本即已不足，且其業務經營完全受被告公司所控制，經營方法主要為被告公司之利益，因此判決被告公司對深石公司之債權應次於深石公司之其他債權受清償。,2020-01-07
6250334,Equity securities,權益證券,,證券交易法學,,2020-01-07
6250335,Essentially biological processes,主要生物學方法,,專利法條,,2020-01-07
6250336,Estoppel,禁反言,,保險法學,,2020-01-07
6250337,Evidence of insurability,可保證明,,保險法法條,,2020-01-07
6250338,Ex gratia payment,優惠賠款,,保險實務,,2020-01-07
6250339,Examination,審查,,商標法,,2020-01-07
6250340,Examiner,審查人員,,商標法,,2020-01-07
6250341,Exceptions of patent right,專利權不及事項,,專利法條,,2020-01-07
6250342,Exclusion clause,除外條款,,保險實務,,2020-01-07
6250343,Exclusive license,專屬授權,,專利法條,,2020-01-07
6250344,Exclusive license,專屬授權,,商標法,,2020-01-07
6250345,Exclusive right,排他權,,專利法學,,2020-01-07
6250346,Executive shareholder,執行業務股東,,公司法條文,,2020-01-07
6250347,Exempted securities,豁免證券,,證券交易法學,,2020-01-07
6250348,Exempted transaction,豁免交易,,證券交易法學,,2020-01-07
6250349,Exlusive licensee,專屬被授權人,,商標法,,2020-01-07
6250350,Experimental exemption,試驗免責,,專利法學,,2020-01-07
6250351,Export,輸出,,商標法,,2020-01-07
6250352,Extension of patent term,專利權延長,,專利法條,,2020-01-07
6250353,Extraordinary general meeting / EGM,股東臨時會,,公司法條文,,2020-01-07
6250354,Fair price,公平價格,,企業併購法條文,,2020-01-07
6250355,Fair Trade Act,公平交易法,,企業併購法條文,,2020-01-07
6250356,"Fair, reasonable, and non-discriminatory licensing",公平合理不歧視授權,,專利實務,,2020-01-07
6250357,Fidelity insurance,誠實保證保險,,保險法法條,,2020-01-07
6250358,Fiduciary duty,受任人義務,,公司法學,,2020-01-07
6250359,Fiduciary duty theory,信賴關係理論 ； 受任人義務理論,,證券交易法學,,2020-01-07
6250360,Filing date,申請日,,專利法條,,2020-01-07
6250361,Filing date,申請日,,商標法,,2020-01-07
6250362,Final notice,最後通知,,專利法條,,2020-01-07
6250363,Financial,財務,,公司法條文,,2020-01-07
6250364,Financial Holding Company Act,金融控股公司法,,企業併購法條文,,2020-01-07
6250365,Financial Institutions Merger Act,金融機構合併法,,企業併購法條文,,2020-01-07
6250366,Financial statements,財務報表,,公司法條文 ；證券交易法條文,,2020-01-07
6250367,Financial Supervisory Commission,金融監督管理委員會,,證券交易法條文,,2020-01-07
6250368,Fire insurance,火災保險,,保險法法條,,2020-01-07
6250369,Firm-commitment underwriting,確定包銷,,證券交易法條文,,2020-01-07
6250370,First to file principle,先申請主義,,專利實務,,2020-01-07
6250371,Fiscal year,會計年度,,公司法條文,,2020-01-07
6250372,Force majeure,不可抗力,,海商法學,,2020-01-07
6250373,Forecast,預測,,證券交易法條文,,2020-01-07
6250374,Foreign company,外國公司,,公司法條文 ；證券交易法條文 ；企業併購法條文,,2020-01-07
6250375,Formality examination,形式審查,,專利法條,,2020-01-07
6250376,Forward triangular merger,正三角合併,,企業併購法學,,2020-01-07
6250377,Franchise,起款額,,保險實務,,2020-01-07
6250378,Fraud,詐欺,,證券交易法條文,,2020-01-07
6250379,Fraud on the market theory,對市場詐欺理論 ； 詐欺市場理論,,證券交易法學,,2020-01-07
6250380,Freight,運費,,海商法法條,,2020-01-07
6250381,Fronting company,前衛保險公司,,保險實務,簽發保險但實質上未承擔任何投保風險之公司,2020-01-07
6250382,Full disclosure,充分揭露,,專利法條,,2020-01-07
6250383,General average,共同海損,,海商法法條,,2020-01-07
6250384,General average contribution,共同海損分擔額,,海商法法條,,2020-01-07
6250385,General counsel,法務長,,公司實務,,2020-01-07
6250386,Geographical indication,地理標示,,商標法,,2020-01-07
6250387,Global Depositary Receipt / GDR,海外存託憑證,,證券交易實務,,2020-01-07
6250388,Good faith / Uberrime fidei,誠信原則,,保險法學,uberrime fidei為拉丁文,2020-01-07
6250389,Good will,商譽,,企業併購法條文,,2020-01-07
6250390,Government bond,政府債券,,證券交易法條文,,2020-01-07
6250391,Government-owned,國營,,公司實務,,2020-01-07
6250392,Grace period,寬限期間 {保險法條} ； 優惠期 {專利法學},,保險法法條、專利法學,,2020-01-07
6250393,Graphical user interface,圖形化使用者介面,,專利法條,,2020-01-07
6250394,Grounds for patent invalidation,專利舉發理由書,,專利法條,,2020-01-07
6250395,Hamburg Rules,漢堡規則,,海商法學,,2020-01-07
6250396,Harbor charges,港埠費,,海商法法條,,2020-01-07
6250397,Hauge rules,海牙規則,,海商法學,,2020-01-07
6250398,Hauge-Visty Rules,海牙-威士比規則,,海商法學,,2020-01-07
6250399,Head office,本公司,,公司法條文,,2020-01-07
6250400,Health insurance,健康保險,,保險法法條,,2020-01-07
6250401,Himalaya clause,喜馬拉雅條款,,海商法學,,2020-01-07
6250402,Holding company,控股公司,,企業併購實務,,2020-01-07
6250403,Hologram,全像圖,,商標法,,2020-01-07
6250404,Hostile takeover,敵意併購,,企業併購法學,,2020-01-07
6250405,Identical goods,相同商品,,商標法,,2020-01-07
6250406,Identical mark,相同商標,,商標法,,2020-01-07
6250407,Identical services,相同服務,,商標法,,2020-01-07
6250408,Import,輸入,,商標法,,2020-01-07
6250409,Importing,進口,,專利法條,,2020-01-07
6250410,Inadequacy of marks,標誌不符,,海商法法條,,2020-01-07
6250411,Inception of insurance,生效日,,保險法法條,,2020-01-07
6250412,Incontestability clause,不可抗辯條款,,保險法學,,2020-01-07
6250413,Incorporation,設立,,公司法條文,,2020-01-07
6250414,Incorporation by promoters,發起設立,,公司法條文,公司法第131條,2020-01-07
6250415,Incorporation by solicitation,募集設立,,公司法條文,公司法第132條「募集設立」制度係參考日本法而來，日本「會社法」稱募集設立為「募集による設立」，官方英譯為「incorporation by solicitation」,2020-01-07
6250416,Incorporation clause,引置條款,,海商法學,,2020-01-07
6250417,Independent advisor,獨立專家,,企業併購法條文,,2020-01-07
6250418,Independent director,獨立董事,,證券交易法條文,,2020-01-07
6250419,Indication / Indicate,指示,,商標法,,2020-01-07
6250420,Indirect control,間接控制,,公司法條文,,2020-01-07
6250421,Indirect infringement,間接侵害,,專利法學,,2020-01-07
6250422,Inducing infringement,引致侵害,,專利法學,,2020-01-07
6250423,Infringe trademark with reasonable grounds to know,過失侵害商標權,,商標法,,2020-01-07
6250424,Infringer's profit,侵害行為所得利益,,專利法條,,2020-01-07
6250425,Infringing goods,侵權商品,,商標法,,2020-01-07
6250426,Inherency,固有原則,,專利法學,,2020-01-07
6250427,Inherent defect,固有瑕疵,,海商法法條,,2020-01-07
6250428,Initial public offering / IPO,首次公開發行,,證券交易實務,,2020-01-07
6250429,Inside information,內線消息,,證券交易法條文,,2020-01-07
6250430,Insider,內部人,,證券交易法條文,,2020-01-07
6250431,Insider trading / Insider dealing,內線交易,,證券交易法條文,insider trading（美式） / insider dealing（英式）,2020-01-07
6250432,Inspector,檢查人,,公司法條文,,2020-01-07
6250433,Institutional investor,機構投資人,,證券交易法條文,,2020-01-07
6250434,Insufficiency of marks,標誌不足,,海商法法條,,2020-01-07
6250435,Insufficiency of packing,包裝不固,,海商法法條,,2020-01-07
6250436,Insurable interest,保險利益,,保險法法條,,2020-01-07
6250437,Insurance,保險,,保險法法條,,2020-01-07
6250438,Insurance agent,保險代理人,,保險法法條,,2020-01-07
6250439,Insurance broker,保險經紀人,,保險法法條,,2020-01-07
6250440,Insurance enterprise,保險業,,保險法法條,,2020-01-07
6250441,Insurance guaranty fund,保險安定基金,,保險法法條,,2020-01-07
6250442,Insurance Law / Insurance Act,保險法,,保險法名稱,主管機關的正式名稱為insurace act，但國外慣用名稱為insurance law,2020-01-07
6250443,Insurance policy,保險單,,保險法法條,,2020-01-07
6250444,Insurance solicitor,保險業務員,,保險法法條,,2020-01-07
6250445,Insured / Assured,被保險人,,保險法法條,,2020-01-07
6250446,Insurer / Underwriter,保險人,,保險法法條 ；保險實務,保險實務上亦稱保險人為underwriter,2020-01-07
6250447,Intended purpose,用途,,商標法,,2020-01-07
6250448,Interested party/ Stakeholder,利害關係人,,公司法條文,,2020-01-07
6250449,Internal auditing officer,內部稽核主管,,證券交易法條文,,2020-01-07
6250450,Internal control,內部控制,,證券交易法條文,,2020-01-07
6250451,International exhaustion,國際耗盡,,專利法學,,2020-01-07
6250452,International exhibition,國際展覽會,,商標法,,2020-01-07
6250453,International intergovernmental organization,國際跨政府組織,,商標法,,2020-01-07
6250454,International priority for patent filing,國際優先權,,專利實務,,2020-01-07
6250455,Invalidation,舉發 {專利法條} ； 評定 {商標法},,專利法條、商標法,,2020-01-07
6250456,Invention made for commission,受聘發明,,專利法學,,2020-01-07
6250457,Invention made for employment,職務發明,,專利法學,,2020-01-07
6250458,Invention patent / Utility patent,發明專利,,專利法條,前為我國法條直譯 ；後為美國法慣用。,2020-01-07
6250459,Inventive step / Non-obviousness,進步性,,專利法學,前為歐洲法慣用 ；後為美國法慣用。,2020-01-07
6250460,Inventor,發明人,,專利法條,,2020-01-07
6250461,Inventorship,發明歸屬,,專利法學,,2020-01-07
6250462,Investment adviser,投資顧問,,證券交易法條文,,2020-01-07
6250463,Investor protection,投資人保護,,證券交易法條文,,2020-01-07
6250464,Issuance,發行,,公司法條文 ；證券交易法條文,,2020-01-07
6250465,Jettison,投棄,,海商法法條,,2020-01-07
6250466,Joint ownership of patent,共有專利權,,專利法條,,2020-01-07
6250467,Joint survey,共同檢定,,海商法法條,,2020-01-07
6250468,Jointly owned trademark,共有商標,,商標法,,2020-01-07
6250469,Jurisdiction clause,管轄權條款,,海商法學,,2020-01-07
6250470,Knowingly to infringe trademark right,故意侵害商標權,,商標法,,2020-01-07
6250471,Lapse for nonpayment of premium,停效,,保險法法條,,2020-01-07
6250472,Lashing,穩固,,海商法法條,,2020-01-07
6250473,Latent defect,隱有瑕疵,,海商法法條,,2020-01-07
6250474,Law of large numbers,大數法則,,保險法學,,2020-01-07
6250475,Letter of undertaking,擔保書,,海商實務,,2020-01-07
6250476,Level premium,平準保費,,保險實務,,2020-01-07
6250477,Liability insurance,責任保險,,保險法法條,,2020-01-07
6250478,Liberty clause,甲板裝載自由條款,,海商法學,,2020-01-07
6250479,Licensee,被授權人,,專利法條,,2020-01-07
6250480,Licensee,被授權人,,商標法,,2020-01-07
6250481,Licensor,授權人,,專利法條,,2020-01-07
6250482,Life income policy,終身年金保險,,保險法法條,,2020-01-07
6250483,Life insurance,人身保險；人壽保險,,保險法法條,,2020-01-07
6250484,Likelihood of confusion,混淆誤認之虞,,商標法,,2020-01-07
6250485,Likelihood of deception,公眾誤認誤信之虞,,商標法,主管機關之用語為being likely to mislead the public。,2020-01-07
6250486,Likelihood of dilution of the distinctiveness of a well-known trademark or mark,減損著名商標之識別性或信譽之虞,,商標法,,2020-01-07
6250487,Likelihood of dilution of the reputation of a well-known trademark or mark,減損著名商標或標章之信譽之虞,,商標法,,2020-01-07
6250488,Limitation of liability,責任限制,,海商法學,,2020-01-07
6250489,Limited company,有限公司,,公司法條文,,2020-01-07
6250490,Limited liability,有限責任,,公司法條文,,2020-01-07
6250491,Liquidation,清算,,公司法條文,,2020-01-07
6250492,Liquidator,清算人,,公司法條文,,2020-01-07
6250493,Listed company,上市（櫃）公司,,公司實務,,2020-01-07
6250494,Listing,上市,,證券交易法條文,,2020-01-07
6250495,Literal infringement,文義侵害,,專利法學,,2020-01-07
6250496,Lloyd's,勞依茲 ； 勞合社,,保險實務,,2020-01-07
6250497,Loading,裝載,,海商法法條,,2020-01-07
6250498,Loss causation,損失因果關係,,證券交易法學,,2020-01-07
6250499,Loss make-up proposal,虧損撥補議案,,公司法條文,,2020-01-07
6250500,Lost profit,利益差損,,專利法學,,2020-01-07
6250501,Made availbale to the public before patent filing,申請前已為公眾所知悉,,專利法條,,2020-01-07
6250502,Majority vote,普通決議（多數決）,,公司實務,,2020-01-07
6250503,Making,製造,,專利法條,,2020-01-07
6250504,Managerial officer,經理人,,公司法條文 ；證券交易法條文,,2020-01-07
6250505,Margin,保證金,,證券交易法條文,,2020-01-07
6250506,Margin purchases,融資,,證券交易法條文,,2020-01-07
6250507,Margin trading,信用交易,,證券交易法規,,2020-01-07
6250508,Marine insurance,海上保險,,保險法法條,,2020-01-07
6250509,Marine insurance,海上保險,,海商法章節名,,2020-01-07
6250510,Maritime act / Maritime law,海商法,,海商法名稱,主管機關之正式名稱為Maritiem Act,2020-01-07
6250511,Maritime liens,海事優先權,,海商法學,,2020-01-07
6250512,Market information,市場消息,,證券交易法學,,2020-01-07
6250513,Market maker,造市者,,證券交易實務,,2020-01-07
6250514,Market manipulation,市場操縱,,證券交易法條文,,2020-01-07
6250515,Marketing purpose,行銷目的,,商標法,主管機關之用語為in the course of trade。主管機關採用歐盟商標法的用語in the course of trade，但嚴格來說，此用語係指「在交易的過程中」。,2020-01-07
6250516,Matched order,相對委託,,證券交易法條文,,2020-01-07
6250517,Materiality,重要性,,保險法學,,2020-01-07
6250518,Materials,原料,,商標法,,2020-01-07
6250519,Mates receipt / MR,大副收據,,海商實務,,2020-01-07
6250520,Meeting of the interested party,關係人會議,,公司法條文 ；企業併購法條文,,2020-01-07
6250521,Merger,合併,,公司法條文 ；企業併購法條文,,2020-01-07
6250522,Merger and acquisition,併購,,企業併購法條文,,2020-01-07
6250523,Merger contract,合併契約,,公司法條文 ；企業併購法條文,,2020-01-07
6250524,Microbiological processes,微生物學之生產方法,,專利法條,,2020-01-07
6250525,Minority shareholders,少數股東,,公司法學,,2020-01-07
6250526,Minute,議事錄,,公司法條文,,2020-01-07
6250527,Misappropriation theory,私取理論,,證券交易法學,,2020-01-07
6250528,Misrepresentation,不實說明 {保險法條} ； 不實陳述 {證券交易法條},,保險法法條、證券交易法條文,,2020-01-07
6250529,Money laundry,洗錢,,證券交易實務,,2020-01-07
6250530,Moral hazard,道德危險,,保險法學,,2020-01-07
6250531,Morality,善良風俗,,專利法條,,2020-01-07
6250532,Motions,動態,,商標法,,2020-01-07
6250533,Multimodal carriage,多式聯運 ； 複式運送,,海商法學,,2020-01-07
6250534,Mutual investment companies,相互投資公司,,公司法條文 ；企業併購法條文,,2020-01-07
6250535,National treatment principle,國民待遇原則,,專利法學,,2020-01-07
6250536,Navigation,航行,,海商法法條,,2020-01-07
6250537,New / Novelty,新穎性,,專利法學,前為歐洲法慣用 ；後為美國法慣用。,2020-01-07
6250538,Newly incorporated company,新設公司,,公司法條文 ；企業併購法條文,,2020-01-07
6250539,Non-exclusive license,非專屬授權,,專利法條,,2020-01-07
6250540,Non-exclusive license,非專屬授權,,商標法,,2020-01-07
6250541,Non-exclusive licensee,非專屬被授權人,,商標法,,2020-01-07
6250542,Non-Life insurance / General insurance,財產保險,,保險法法條,,2020-01-07
6250543,Notice of readiness,準備完成通知書,,海商法法條,,2020-01-07
6250544,Notify party,受通知人,,海商實務,,2020-01-07
6250545,Notifying obligation,通知義務,,公司法條文,,2020-01-07
6250546,Objecting shareholder,異議股東,,公司法條文 ；企業併購法條文,,2020-01-07
6250547,Objectively reasonable respectation,客觀合理期待原則,,保險法學,,2020-01-07
6250548,Occurrence,事故,,保險法法條,,2020-01-07
6250549,Offering to sell,販賣之要約,,專利法條,,2020-01-07
6250550,Offeror,收購人,,證券交易法條文,,2020-01-07
6250551,Oil pollution,油污染,,海商實務,,2020-01-07
6250552,Omission,隱匿,,證券交易法條文,,2020-01-07
6250553,On deck,甲板上,,海商法法條,,2020-01-07
6250554,Operation,營業,,企業併購法條文,,2020-01-07
6250555,Opposition,異議,,商標法,主管機關之用語為opposition to registration。,2020-01-07
6250556,Option,選擇權,,證券交易法條文,,2020-01-07
6250557,Ordre public,公共秩序,,專利法條,以TRIPS Agreement 所定義之公共秩序為定義之標準,2020-01-07
6250558,Organizational meeting,創立會,,公司法條文,全國法規資料庫翻譯為「inaugural meeting」，實為組織首次召開之成立大會，惟募集設立制度係參考日本法而來，日本「會社法」稱創立會為「創立総会」，官方英譯為「organizational meeting」,2020-01-07
6250559,Other insurance clause,其他保險條款,,保險法學 ；保險實務,,2020-01-07
6250560,Outstanding shares,已發行股份,,公司法條文 ；證券交易法條文,,2020-01-07
6250561,Over-the-counter market / OTC,店頭市場,,證券交易法條文,,2020-01-07
6250562,P&I Clubs,相互保險組織,,海商實務,,2020-01-07
6250563,Package,包裝,,海商法法條,,2020-01-07
6250564,Package/Piece limitation,單位責任限制,,海商法學,,2020-01-07
6250565,Paid-up capital,實收股本,,公司法條文,,2020-01-07
6250566,Pallet,墊板,,海商法法條,,2020-01-07
6250567,Par value,面額,,公司法條文 ；證券交易法條文,,2020-01-07
6250568,Paramount clause,至上條款,,海商法學,,2020-01-07
6250569,Parent company,母公司,,企業併購法條文,,2020-01-07
6250570,Participating insurance,分紅保險,,保險實務,,2020-01-07
6250571,Partnership,合夥,,公司法條文,,2020-01-07
6250572,Patent act,專利法,,專利法條,,2020-01-07
6250573,Patent agent,專利代理人,,專利法條,,2020-01-07
6250574,Patent annual fee,專利年費,,專利法條,,2020-01-07
6250575,Patent applicant,申請人,,專利法條,,2020-01-07
6250576,Patent application,專利申請書,,專利法條,,2020-01-07
6250577,Patent assignment,專利權讓與,,專利法條,,2020-01-07
6250578,Patent attorney,專利師,,專利法條,,2020-01-07
6250579,Patent authority / Specific patent agency,專利專責機關,,專利法條,,2020-01-07
6250580,Patent certificate,專利證書,,專利法條,,2020-01-07
6250581,Patent claims,申請專利範圍,,專利法條,,2020-01-07
6250582,Patent examiner,專利審查人員,,專利法條,,2020-01-07
6250583,Patent gazette,專利公報,,專利法條,,2020-01-07
6250584,Patent infringement,專利權侵害,,專利法條,,2020-01-07
6250585,Patent infringement assessment,專利侵害鑑定,,專利實務,,2020-01-07
6250586,Patent licensing,專利授權,,專利法條,,2020-01-07
6250587,Patent marking,專利標示,,專利法條,,2020-01-07
6250588,Patent misuse / Patent abuse,專利濫用,,專利法學,前為美國法慣用 ；後為歐洲法慣用。,2020-01-07
6250589,Patent prosecution,專利審查,,專利法條,,2020-01-07
6250590,Patent revocation,專利撤銷,,專利法條,,2020-01-07
6250591,Patent right,專利權,,專利法條,,2020-01-07
6250592,Patent specification,專利說明書,,專利法條,,2020-01-07
6250593,Patent term,專利權期間,,專利法條,,2020-01-07
6250594,Patentability,專利要件,,專利法學,,2020-01-07
6250595,Patentable subject matter,專利適格標的,,專利法學,,2020-01-07
6250596,Patentee,專利權人,,專利法條,,2020-01-07
6250597,Pay to be paid,先付後償,,保險法學,,2020-01-07
6250598,Pension,勞工退休準備金,,企業併購法條文,,2020-01-07
6250599,Person having ordinary skill in the art / PHOSITA,所屬技術領域具有通常知識者,,專利法條,前為全稱 ；後為簡稱。,2020-01-07
6250600,Personal belongings,私人物品,,海商法法條,,2020-01-07
6250601,Personal injury insurance,傷害保險,,保險法法條,,2020-01-07
6250602,Personnel,人事,,公司法條文,,2020-01-07
6250603,Pharmaceutical patent,醫藥專利,,專利法學,,2020-01-07
6250604,Piercing the corporate veil / Lifting the veil,揭開公司面紗 ； 揭穿公司面紗,,公司法學,美國法稱「piercing the corporate veil」，英國法稱「lifting the veil」,2020-01-07
6250605,Pilot,引水人,,海商實務,,2020-01-07
6250606,Pilotage,引水,,海商法法條,,2020-01-07
6250607,Place of origin,產地,,商標法,,2020-01-07
6250608,Plant or animal varierties,動植物品種,,專利法條,,2020-01-07
6250609,Policy dividend,保單紅利,,保險法法條,,2020-01-07
6250610,Policy limit,保險金額,,保險法法條,,2020-01-07
6250611,Policy loan,保單質借 ； 保單借款,,保險法法條,,2020-01-07
6250612,Policyholder,保險權利人,,保險法學,於英美保險為有價證券，持有保險單而擁有該權利之人稱之,2020-01-07
6250613,Port of destination,目的港,,海商法法條,,2020-01-07
6250614,Portrait,肖像,,商標法,,2020-01-07
6250615,Possess,持有,,商標法,,2020-01-07
6250616,Post-grant amendment,更正,,專利法條,,2020-01-07
6250617,Practice / Exercise,實施,,專利法條,,2020-01-07
6250618,Precautionary proceedings,保全程序,,海商法法條,,2020-01-07
6250619,Preexiting condition,既往症,,保險法學,,2020-01-07
6250620,Preferred share / Preferred stock / Special share,特別股,,<p>公司法條文；證券交易法條文</p>,,2020-01-07
6250621,Premium,權利金,,,,2020-01-07
6250622,Premium rate,保險費率,,保險法法條,,2020-01-07
6250623,Primary insiders,原始內部人,,證券交易法學,,2020-01-07
6250624,Primary market,初級市場 ； 發行市場,,證券交易法學,,2020-01-07
6250625,Primary offer,初次發行,,證券交易法學,,2020-01-07
6250626,Principle of Abadonment,委付主義,,海商法學,德文稱為Abandonsystem,2020-01-07
6250627,Principle of consideration,對價平衡原則,,保險法學,,2020-01-07
6250628,Principle of ex officio,職權主義,,專利法學,,2020-01-07
6250629,Principle of indemnity,損失填補原則 ； 損害填補原則,,保險法學,,2020-01-07
6250630,Principle of running days,連續日原則,,海商法學,,2020-01-07
6250631,Principle of Tonnage,金額主義,,海商法學,德文Summenhaftungssystem,2020-01-07
6250632,Principle of Vessel's value,船價主義,,海商法學,英文無相對應之詞，原文來自德文Werthaftungssystem,2020-01-07
6250633,Prior art,先前技術,,專利法條,,2020-01-07
6250634,Prior user rights,先使用者權,,專利法學,,2020-01-07
6250635,Priority purchasing right,優先購買權,,企業併購法條文,,2020-01-07
6250636,Private company,未公開發行公司 ； 非公開發行公司,,公司實務,,2020-01-07
6250637,Private placement,私募,,證券交易法條文,,2020-01-07
6250638,Process patent,方法專利,,專利法條,,2020-01-07
6250639,Professional liability insurance / Profession indemnity insurance,專業責任保險,,保險實務,,2020-01-07
6250640,Prolongation of patent term,專利權延展,,專利法條,,2020-01-07
6250641,Promoter / Incorporator,發起人,,公司法條文,,2020-01-07
6250642,Proposer / Applicant,要保人,,保險法法條,,2020-01-07
6250643,Prosecution history estoppels,專利審查禁反言,,專利法學,,2020-01-07
6250644,Prospectus,公開說明書,,證券交易法條文,,2020-01-07
6250645,Provisional patent right,專利暫時保護,,專利法學,,2020-01-07
6250646,Proximate cause,主力近因,,保險法學,,2020-01-07
6250647,Proxy,委託書,,公司法條文 ；證券交易法條文,,2020-01-07
6250648,Proxy solicitation,委託書徵求,,證券交易法條文,,2020-01-07
6250649,Proxy voting,代理投票,,公司實務,,2020-01-07
6250650,Pseudonym,筆名,,商標法,,2020-01-07
6250651,Public company,公開發行公司 ； 公開發行股票公司,,公司法條文 ；企業併購法條文,,2020-01-07
6250652,Public enermies,公共敵人,,海商法法條,,2020-01-07
6250653,Public offering,募集,,證券交易法條文,,2020-01-07
6250654,Public use before patent filing,申請前已公開實施,,專利法條,,2020-01-07
6250655,Publication before patent filing,申請前已見於刊物,,專利法條,,2020-01-07
6250656,Punitive damages,懲罰性損害賠償,,專利法學,,2020-01-07
6250657,Quality,品質,,商標法,,2020-01-07
6250658,Quality control,品質管制,,商標法,主管機關之用語為control。,2020-01-07
6250659,Quarantine,檢疫,,海商法法條,,2020-01-07
6250660,Reasonable royalty,合理權利金,,專利法條,,2020-01-07
6250661,Reciprocality principle,互惠原則,,專利法學,,2020-01-07
6250662,Recognition,認許,,公司法條文,,2020-01-07
6250663,Registered gross tonnage,登記總噸數,,海商實務,,2020-01-07
6250664,Registered share,記名股票,,公司法條文 ；證券交易法條文,,2020-01-07
6250665,Registered trademark,註冊商標,,商標法,,2020-01-07
6250666,Registration of incorporation / Incorporation registration,設立登記,,公司法條文,,2020-01-07
6250667,Registration priority,登記對抗主義,,專利法學,,2020-01-07
6250668,Reincorporation,變更組織,,公司法條文,,2020-01-07
6250669,Reinstatement,復效,,保險法法條,,2020-01-07
6250670,Reinsurance,再保險,,保險法法條,,2020-01-07
6250671,Rejecting a trademark registration,(商標)核駁審定,,商標法,主管機關之用語為the trademark shall not be registered。國際條約及英美法使用to reject a trademark registration。,2020-01-07
6250672,Relationship report,關係報告書,,公司法條文,,2020-01-07
6250673,Relevant consumer,相關消費者,,商標法,,2020-01-07
6250674,Reorganization,重整,,公司法條文 ；企業併購法條文,,2020-01-07
6250675,Reorganization plan,重整計劃,,公司法條文 ；企業併購法條文,,2020-01-07
6250676,Reorganization supervisor,重整監督人,,公司法條文,,2020-01-07
6250677,Reorganizer,重整人,,公司法條文,,2020-01-07
6250678,Representative's office,代表人辦事處,,公司法條文,,2020-01-07
6250679,Reproduction of trademark,商標圖樣,,商標法,,2020-01-07
6250680,Reserve (fund),準備金,,保險法法條,,2020-01-07
6250681,Residential earthquake insurance,住宅地震保險,,保險法法條,,2020-01-07
6250682,Residual assets,賸餘財產,,公司法條文,,2020-01-07
6250683,Resolution,決議,,公司法條文 ；證券交易法條文,,2020-01-07
6250684,Responsible person,負責人,,公司法條文,,2020-01-07
6250685,Restricted stock,限制性股票,,公司法條文,,2020-01-07
6250686,Restriction of the designated goods or services,商品或服務之減縮,,商標法,,2020-01-07
6250687,Retrospective insurance,追溯保險,,保險法學,,2020-01-07
6250688,Reverse doctrine of equivalent,逆均等論,,專利法學,,2020-01-07
6250689,Reverse piercing the corporate veil,反向揭開公司面紗 ； 反向揭穿公司面紗,,公司法學,,2020-01-07
6250690,Reverse triangular merger,反三角合併,,企業併購法學,,2020-01-07
6250691,Revocation,廢止,,商標法,,2020-01-07
6250692,Right of a registered trademark becomes extinguished,商標權消滅,,商標法,,2020-01-07
6250693,Right of changing the beneficiary,處分權,,保險法法條,,2020-01-07
6250694,Right of priority,優先權,,商標法,主管機關之用語為priority rights。,2020-01-07
6250695,Right of retention,留置權,,海商法法條,,2020-01-07
6250696,Right to apply for patent,專利申請權,,專利法條,,2020-01-07
6250697,Risk,危險 ； 風險,,保險法法條,,2020-01-07
6250698,Risk-based capital / RBC,風險資本,,保險法法條,,2020-01-07
6250699,Rotterdam Rules,鹿特丹規則,,海商法學,,2020-01-07
6250700,Route segment,船段,,海商法學,,2020-01-07
6250701,Sacrifice (of goods),犧牲,,海商法法條,,2020-01-07
6250702,Salvage,海難救助,,海商法章節名,,2020-01-07
6250703,Salvage remuneration,救助報酬,,海商法法條,,2020-01-07
6250704,Seaworthiness,堪航能力 ； 適航性,,海商法法條,,2020-01-07
6250705,Second examination,再審查,,專利法條,,2020-01-07
6250706,Secondary insiders,次級內部人,,證券交易法學,,2020-01-07
6250707,Secondary market,次級市場 ； 交易市場 ； 流通市場,,證券交易法學,,2020-01-07
6250708,Secondary offer / Secondary distribution,再次發行,,證券交易法學,,2020-01-07
6250709,Secured bond,擔保公司債,,公司法條文 ；證券交易法條文,,2020-01-07
6250710,Securities,有價證券,,證券交易法條文,,2020-01-07
6250711,Securities and Exchange Act,證券交易法,,證券交易法名稱,美國1933年證券法：Securities Act of 1933 ；美國1934年證券交易法：Securities Exchange Act of 1934,2020-01-07
6250712,Securities central depository enterprise,證券集中保管事業,,證券交易法條文,,2020-01-07
6250713,Securities finance enterprise,證券金融事業,,證券交易法條文,,2020-01-07
6250714,Securities firm,證券商,,證券交易法條文,,2020-01-07
6250715,Securities lending and borrowing,有價證券之借貸 ； 借券,,證券交易法條文,,2020-01-07
6250716,Securities market,證券市場,,證券交易法條文,,2020-01-07
6250717,Securitization,證券化,,證券交易法學,,2020-01-07
6250718,Seizure,扣押,,海商法法條,,2020-01-07
6250719,Self-dealing,自己交易,,公司法學,,2020-01-07
6250720,Selling,販賣,,專利法條,,2020-01-07
6250721,Selling,販賣,,商標法,,2020-01-07
6250722,Semi-annual financial report,半年度財務報告,,證券交易法條文,,2020-01-07
6250723,Settlement,交割,,證券交易法條文,,2020-01-07
6250724,Shadow director,影子董事,,公司法學（英）,,2020-01-07
6250725,Share,股份,,公司法條文 ；企業併購法條文,,2020-01-07
6250726,Share exchange / Share swap,股份轉換,,企業併購法條文,美國法之 share swap涵蓋我國公司法之股份交換及企業併購法之股份轉換,2020-01-07
6250727,Shareholder activism,股東行動主義,,公司法學,,2020-01-07
6250728,Shareholder conducting the business,執行業務股東,,公司法條文,,2020-01-07
6250729,"Shareholder holding less than 1,000 shares of registered stock",零股股東,,證券交易法條文,,2020-01-07
6250730,Shareholder primacy,股東優先,,公司法學,,2020-01-07
6250731,Shareholder proposal,股東提案（權）,,公司法條文,,2020-01-07
6250732,Shareholder representing the company,代表公司之股東,,公司法條文,,2020-01-07
6250733,Shareholder / Stockholder / Member,股東,,公司法條文 ；證券交易法條文,,2020-01-07
6250734,Shareholders' approval,股東同意 ； 股東承認,,公司法條文,,2020-01-07
6250735,Shareholders' list,股東名簿,,公司法條文 ；證券交易法條文,全國法規資料庫翻譯為shareholders' roster,2020-01-07
6250736,Shareholders' meeting,股東會,,公司法條文 ；證券交易法條文,,2020-01-07
6250737,Shareholders' right,股東權,,公司法條文,,2020-01-07
6250738,Ship / Vessel / Boat,船舶,,海商法法條,,2020-01-07
6250739,Shipowner,船舶所有人,,海商法法條,,2020-01-07
6250740,Shop right,事業法定授權,,專利法學,,2020-01-07
6250741,Short sales,融券,,證券交易法條文,,2020-01-07
6250742,Short-form merger,簡易合併 ； 簡式合併,,公司法條文 ；企業併購法條文,公司法第312條之2第1項 ；企業併購法第19條,2020-01-07
6250743,Short-swing trading,短線交易,,證券交易法條文,,2020-01-07
6250744,Sign,標識,,商標法,,2020-01-07
6250745,Similar goods,類似商品,,商標法,,2020-01-07
6250746,Similar mark,近似商標,,商標法,,2020-01-07
6250747,Similar services,類似服務,,商標法,,2020-01-07
6250748,Sound,聲音,,商標法,,2020-01-07
6250749,Source of goods,商品來源,,商標法,,2020-01-07
6250750,Source of services,服務來源,,商標法,,2020-01-07
6250751,Special Drawing Rights / SDR,特別提款權,,海商法法條,,2020-01-07
6250752,Split company,被分割公司,,企業併購法條文,,2020-01-07
6250753,Split voting,分割投票,,公司實務,,2020-01-07
6250754,Split-up,分割,,公司法條文 ；企業併購法條文,,2020-01-07
6250755,Stage name,藝名,,商標法,,2020-01-07
6250756,Stakeholder,利害關係人,,專利法條,,2020-01-07
6250757,Stand-by underwriting,餘額包銷,,證券交易法條文,,2020-01-07
6250758,State of the art,技術水平,,專利法學,,2020-01-07
6250759,Statute for Investment by Foreign Nationals,外國人投資條例,,企業併購法條文,,2020-01-07
6250760,Statutory merger,法定合併 ； 制式合併,,企業併購法學,,2020-01-07
6250761,Statutory prior art,擬制新穎性,,專利法學,,2020-01-07
6250762,Stock,股票,,公司法條文 ；證券交易法條文,,2020-01-07
6250763,Stock exchange,證券交易所,,證券交易法條文,,2020-01-07
6250764,Stock warrant certificate,新股認購權利證書,,證券交易法條文,,2020-01-07
6250765,Stock-for-stock exchange / Share swap,股份交換,,公司法條文,美國法之 share swap涵蓋我國公司法之股份交換及企業併購法之股份轉換,2020-01-07
6250766,Stowage,儲存,,海商法法條,,2020-01-07
6250767,Straight voting,全額連記法 ； 連選連記法 ； 聯選投票 ； 直接投票,,公司實務,,2020-01-07
6250768,Strike,罷工,,海商法法條,,2020-01-07
6250769,Sub-license,再授權,,專利法條,,2020-01-07
6250770,Sub-license,再授權,,商標法,,2020-01-07
6250771,Submitting opinion,陳述意見,,商標法,,2020-01-07
6250772,Subordinate company,從屬公司,,公司法條文 ；企業併購法條文,,2020-01-07
6250773,Subordinated bond,次順位公司債,,公司法條文,,2020-01-07
6250774,Subrogation,保險代位,,保險法法條,,2020-01-07
6250775,Subscribers,應募人,,證券交易法條文,,2020-01-07
6250776,Subsidiary,子公司,,企業併購法條文,,2020-01-07
6250777,Substantive examination,實體審查,,專利實務,,2020-01-07
6250778,Successive carriage,相繼運送,,海商法學,,2020-01-07
6250779,Suicide clause,自殺條款,,保險法法條,,2020-01-07
6250780,Supermajority vote,特別決議,,公司實務,,2020-01-07
6250781,Supervisor,監察人,,公司法條文 ；證券交易法條文,,2020-01-07
6250782,Surplus earnings distribution proposal,盈餘分派議案,,公司法條文,,2020-01-07
6250783,Surrender,繳回,,海商實務,,2020-01-07
6250784,Surrender value,解約金,,保險法法條,,2020-01-07
6250785,Survey report,公證報告,,海商法法條,,2020-01-07
6250786,Surveyor,公證人,,保險法法條,,2020-01-07
6250787,Surviving company,存續公司,,公司法條文 ；企業併購法條文,,2020-01-07
6250788,Symbol,記號,,商標法,,2020-01-07
6250789,Taiwan Depositary Receipt / TDR,台灣存託憑證,,證券交易法條文,,2020-01-07
6250790,Tally,理貨,,海商法法條,,2020-01-07
6250791,Target company,目標公司,,證券交易法條文,,2020-01-07
6250792,Technical evaluation report for utility model patent,新型專利技術報告,,專利法條,,2020-01-07
6250793,Temporary manager,臨時管理人,,公司法條文 ；企業併購法條文,,2020-01-07
6250794,Tender offer / Takeover bid,公開收購,,證券交易法條文,Tender offer（美式） / Takeover bid（英式）,2020-01-07
6250795,Tentative resolution,假決議,,公司法條文,,2020-01-07
6250796,Territorial exhaustion,區域耗盡,,專利法學,,2020-01-07
6250797,The limit of the profit,利益限度,,公司法條文,,2020-01-07
6250798,The person liable for damages,賠償義務人,,商標法,,2020-01-07
6250799,The Registrar Office,商標專責機關,,商標法,,2020-01-07
6250800,The subject matter insured,保險標的物,,保險法法條,,2020-01-07
6250801,The Trademark Gazette,商標公報,,商標法,,2020-01-07
6250802,The Trademark Register,商標註冊簿,,商標法,,2020-01-07
6250803,Three-dimensional shape,立體形狀,,商標法,,2020-01-07
6250804,Through carriage,連續運送,,海商法法條,,2020-01-07
6250805,Ticket fare,票價,,海商法法條,,2020-01-07
6250806,Time charterparty,論時傭船,,海商實務,,2020-01-07
6250807,Tippee,消息受領人,,證券交易法條文,,2020-01-07
6250808,Tipper,消息傳遞者,,證券交易法條文,,2020-01-07
6250809,To prevent infringment,防止侵害,,商標法,,2020-01-07
6250810,To renew / Renewal,延展,,商標法,,2020-01-07
6250811,To stop infringment,除去侵害,,商標法,,2020-01-07
6250812,Total amount of the capital,資本總額,,公司法條文,,2020-01-07
6250813,Total loss,全部損失 ； 全損,,保險法法條,,2020-01-07
6250814,Tow,被拖船,,海商法法條,,2020-01-07
6250815,Towage,船舶拖帶,,海商法章節名,,2020-01-07
6250816,Trade name,商號,,商標法,主管機關之用語為name of business。國際條約及英美法使用trade name。,2020-01-07
6250817,Trademark,商標,,商標法,國際條約或外國法用語trade mark。,2020-01-07
6250818,Trademark Act,商標法,,商標法,,2020-01-07
6250819,Trademark affairs,商標業務,,商標法,,2020-01-07
6250820,Trademark agent,商標代理人,,商標法,,2020-01-07
6250821,Trademark application,商標申請,,商標法,,2020-01-07
6250822,Trademark infringment,商標權侵害,,商標法,,2020-01-07
6250823,Trademark registration,商標註冊,,商標法,,2020-01-07
6250824,Trademark registration,商標註冊,,商標法,,2020-01-07
6250825,Trademark use,商標使用,,商標法,,2020-01-07
6250826,Transaction causation,交易因果關係,,證券交易法學,,2020-01-07
6250827,Transfer of trademark right,商標權之移轉,,商標法,,2020-01-07
6250828,Treasury share / Treasury stock,庫藏股；公司買回自己股票,,<p>公司及證券交易實務</p>,,2020-01-07
6250829,Triangular merger,三角合併,,企業併購法學,,2020-01-07
6250830,Trust company,信託公司,,企業併購法條文,,2020-01-07
6250831,Tug,拖船,,海商法法條,,2020-01-07
6250832,Ultra Vires (doctrine),越權 ； 越權原則,,公司法學,ultra vires為拉丁文，意指「超越權限」，通常是指公司超越公司法或公司章程規定的權力或業務範圍的行為。,2020-01-07
6250833,Unanimous agreement,全體之同意,,公司法條文,,2020-01-07
6250834,Underwriter,承銷商,,證券交易法條文,,2020-01-07
6250835,Underwriting,核保 {保險法法條} ； 承銷 {證券交易法條文},,保險法法條、證券交易法條文,,2020-01-07
6250836,Unlimited company,無限公司,,公司法條文,,2020-01-07
6250837,Unlimited Company with Limited Liability Shareholders,兩合公司,,公司法條文,,2020-01-07
6250838,Unlimited liability shareholder / Shareholder with unlimited liability,無限責任股東,,公司法條文,,2020-01-07
6250839,Unsecured bond,無擔保公司債,,公司法條文,,2020-01-07
6250840,Using,使用,,專利法條,,2020-01-07
6250841,Usurping corporate opportunity / Corporate opportunity doctrine,侵吞公司機會,,公司法學,,2020-01-07
6250842,Utility model creator,新型創作人,,專利法條,,2020-01-07
6250843,Utility model patent,新型專利,,專利法條,,2020-01-07
6250844,Utility / Industrial applicability,產業利用性,,專利法學,前為美國法慣用 ；後為歐洲法慣用。,2020-01-07
6250845,Valued insurace,定值保險,,保險法法條,,2020-01-07
6250846,Volume contract,批量契約,,海商實務,,2020-01-07
6250847,Voting agreement,表決權拘束契約,,公司實務 ；企業併購實務,,2020-01-07
6250848,Voting right / Right to vote / Voting power,表決權,,<p>公司法條文</p>,,2020-01-07
6250849,Voting trust,表決權信託,,企業併購法條文,,2020-01-07
6250850,Voyage,船程,,海商法法條,,2020-01-07
6250851,Voyage charterparty,論航傭船,,海商實務,,2020-01-07
6250852,Waiver,失權,,保險法法條,,2020-01-07
6250853,Warrant,權證,,證券交易法條文,,2020-01-07
6250854,Warranty,特約條款 ； 擔保,,保險法法條,,2020-01-07
6250855,Wash sale,沖洗買賣,,證券交易法條文,,2020-01-07
6250856,Wating period,等待期間,,保險實務,,2020-01-07
6250857,Wear and tear,耗損,,海商法法條,,2020-01-07
6250858,Well-known domestic or foreign public interest organization,國內外著名且具公益性機構,,商標法,主管機關之用語為well-known domestic or foreign organization institutions undertaking businesses for public interests。,2020-01-07
6250859,Well-known mark,著名標章,,商標法,,2020-01-07
6250860,Well-known name,著名之姓名,,商標法,,2020-01-07
6250861,Well-known trademark / Famous mark,著名商標,,商標法,,2020-01-07
6250862,Whale-minnow merger,非對稱合併,,企業併購法條文,企業併購法第18條第6項,2020-01-07
6250863,Withdrawal of shares,退股,,公司法條文,,2020-01-07
6250864,Word,文字,,商標法,,2020-01-07
6250865,Wreck removal,殘骸移除,,海商實務,,2020-01-07
6250866,Written contract / Written agreement,書面契約,,企業併購法條文,,2020-01-07
6250867,Written decision of patent examination,專利審定書,,專利法條,,2020-01-07
6250868,Written disposition,書面處分,,商標法,,2020-01-07
7197619,Bank,銀行,,,,2020-04-01
7197620,Deposit,存管,,,,2020-04-01
7197621,Loan extension,放款,,,,2020-04-01
7197622,Discounting bills and notes,貼現,,,,2020-04-01
7197623,Remittance,匯兌,,,,2020-04-01
7197624,Letter of credit,信用狀,,,,2020-04-01
7197625,Extending credit,授信,,,,2020-04-01
7197626,Accepting deposit,收受存款,,,,2020-04-01
7197627,overdraft,透支,,,,2020-04-01
7197628,Time deposit/certificate deposit,定期存款,,,,2020-04-01
7197629,Demand deposit,活期存款,,,,2020-04-01
7197630,Trust fund,信託資金,,,,2020-04-01
7197631,Secured credit,擔保授信,,,,2020-04-01
7197632,Notes receivable,應收票據,,,,2020-04-01
7197633,Commercial Paper,商業票據,,,,2020-04-01
7197634,Commercial bank,商業銀行,,,,2020-04-01
7197635,Consumer loan,消費者貸款,,,,2020-04-01
7197636,Allowance,津貼,,,,2020-04-01
7197637,Central bank,中央銀行,,,,2020-04-01
7197638,Equity capital,自有資本,,,,2020-04-01
7197639,Capital adequacy,資本適足,,,,2020-04-01
7197640,Risk asset,風險性資產,,,,2020-04-01
7197641,Capital restructuring,資本重建,,,,2020-04-01
7197642,Conservatorship,監管,,,,2020-04-01
7197643,Internal control,內部控制,,,,2020-04-01
7197644,Non-performing loan,逾期放款,,,,2020-04-01
7197645,Bad debt,呆帳,,,,2020-04-01
7197646,Automated teller machine,自動櫃員機,,,,2020-04-01
7197647,Safe deposit box,保管箱,,,,2020-04-01
7197648,Vault,金庫,,,,2020-04-01
7197649,Currency,貨幣,,,,2020-04-01
7197650,Credit card,信用卡,,,,2020-04-01
7197651,Extending credit,徵信,,,,2020-04-01
7197652,Non-accrual loan,催收款,,,,2020-04-01
7197653,Winding-up,清理,,,,2020-04-01
7197654,Receivership,接管,,,,2020-04-01
7197655,Central Depository Insurance Company,中央存款保險公司,,,,2020-04-01
7197656,Deposit insurance,存款保險,,,,2020-04-01
7197657,Rehabilitator,清理人,,,,2020-04-01
7197658,Checking deposit,支票存款,,,,2020-04-01
7197659,Bank debenture,金融債券,,,,2020-04-01
7197660,Financial leasing,融資性租賃,,,,2020-04-01
7197661,Industrial bank,工業銀行,,,,2020-04-01
7197662,Agricultural bank,農業銀行,,,,2020-04-01
7197663,Export-import bank,輸出入銀行,,,,2020-04-01
7197664,Small and Medium-sized enterprise bank,中小企業銀行,,,,2020-04-01
7197665,Real estate credit bank,不動產信用銀行,,,,2020-04-01
7197666,Citizens' bank,國民銀行,,,,2020-04-01
7197667,Bank for a special business purpose,專業銀行,,,,2020-04-01
7197668,Government bond,公債,,,,2020-04-01
7197669,Limited Partnership Act,有限合夥法,,,,2020-04-01
7197670,Limited partnership,有限合夥,,,,2020-04-01
7197671,For-profit juridical person,營利法人,,,,2020-04-01
7197672,General partner,普通合夥人,,,,2020-04-01
7197673,Limited partner,有限合夥人,,,,2020-04-01
7197674,Responsible person of the limited partnership,有限合夥負責人,,,,2020-04-01
7197675,Managerial officer of the limited partnership,有限合夥經理人,,,,2020-04-01
7197676,Liquidator of the limited partnership,有限合夥清算人,,,,2020-04-01
7197677,Representative of the limited partnership,有限合夥代表人,,,,2020-04-01
7197678,Foreign limited partnership,外國有限合夥,,,,2020-04-01
7197679,Limited partnership agreement,有限合夥契約,,,,2020-04-01
7197680,Branch office of the foreign limited partnership,外國有限合夥分支機構,,,,2020-04-01
7197681,Capital contribution amount,出資額,,,,2020-04-01
7197682,Liability type,責任類型,,,,2020-04-01
7197683,Installment of capital contribution,分次出資,,,,2020-04-01
7197684,Cash as capital contribution/capital contribution by cash,現金出資,,,,2020-04-01
7197685,Non-cash contribution,非現金出資,,,,2020-04-01
7197686,Services as capital contribution,勞務出資,,,"Royce de R. Barondes, Services As Capital Contributions: Understanding Kovacik v. Reed, 3 Entrepreneurial Bus. L.J. 1 (2008)",2020-04-01
7197687,Goodwill as capital contribution,信用出資,,,,2020-04-01
7197688,Other interests as capital contribution,其他利益出資,,,,2020-04-01
7197689,Audit by an independent certified public accountant,會計師查核簽證,,,,2020-04-01
7197690,Duration of the limited partnership,有限合夥存續期間,,,,2020-04-01
7197691,Nullification of the limited partnership registration,廢止有限合夥登記,,,,2020-04-01
7197692,Judicial dissolution of the limited partnership,裁定解散有限合夥,,,,2020-04-01
7197693,Agreed causes of dissolution,約定解散事由,,,,2020-04-01
7197694,Retrieval of the capital contribution,取回出資額,,,,2020-04-01
7197695,Unanimous consent of other partners,其他合夥人全體同意,,,,2020-04-01
7197696,Majority vote of all general partners,全體普通合夥人過半數之同意,,,,2020-04-01
7197697,Allocation in proportion to the contribution of each partner,依各合夥人出資額比例分配,,,,2020-04-01
7197698,Withdrawal of the partner,合夥人退夥,,,,2020-04-01
7197699,Negotiable Instruments Act,票據法,,,,2020-04-01
7197700,Negotiable instrument,票據,,,,2020-04-01
7197701,Bill of exchange,匯票,,,,2020-04-01
7197702,Promissory note,本票,,,,2020-04-01
7197703,Check/Cheque (UK),支票,,,,2020-04-01
7197704,Drawer,發票人,,,,2020-04-01
7197705,Drawee,付款人,,,,2020-04-01
7197706,Endorser,背書人,,,,2020-04-01
7197707,Unconditional payment,無條件支付,,,,2020-04-01
7197708,Acceptance,承兌,,,,2020-04-01
7197709,Acceptance for honor,參加承兌,,,,2020-04-01
7197710,Payment for honor,參加付款,,,,2020-04-01
7197711,Payee,收款方,,,,2020-04-01
7197712,Holder,執票人,,,,2020-04-01
7197713,Acceptor,承兌人,,,,2020-04-01
7197714,Transferee,受讓人,,,,2020-04-01
7197715,Fixed future date/Due date (UCC),指定之到期日,,,,2020-04-01
7197716,On demand,見票,,,,2020-04-01
7197717,Authorization,委託,,,,2020-04-01
7197718,Financial institution,金融業者,,,,2020-04-01
7197719,Signing and issuing,簽發,,,,2020-04-01
7197720,Tenor,文義性,,,,2020-04-01
7197721,Obligee,票據權利人,,,,2020-04-01
7197722,Person liable on the negotiable instrument,票據債務人,,,,2020-04-01
7197723,Forgery of  instrument,票據之偽造,,,,2020-04-01
7197724,Forgery of  instrument signature,票上簽名之偽造,,,,2020-04-01
7197725,Alteration,變造,,,,2020-04-01
7197726,In good faith,善意,,,,2020-04-01
7197727,In bad faith,惡意,,,,2020-04-01
7197728,Be canceled or struck out,塗銷,,,,2020-04-01
7197729,Loss of a negotiable instrument,票據喪失,,,,2020-04-01
7197730,Stop-payment notice,止付通知,,,,2020-04-01
7197731,Petition filed for public summons,公示催告,,,,2020-04-01
7197732,Any acts required to be done by a party to a negotiable instrument for the exercise,行使票據上權利,,,,2020-04-01
7197733,Any acts required to be done by a party to a negotiable instrument for the preservation of rights,保全票據上權利,,,,2020-04-01
7197734,Protest of bill,拒絕證書,,,,2020-04-01
7197735,Acceptor of a bill of exchange,匯票承兌人,,,,2020-04-01
7197736,Maker of a promissory note,本票發票人,,,,2020-04-01
7197737,Drawer of the check,支票發票人,,,,2020-04-01
7197738,Right of recourse,追索權,,,,2020-04-01
7197739,Right of repaying the bills interest,利益償還請求權,,,,2020-04-01
7197740,Bill endorsed in blank,空白背書,,,,2020-04-01
7197741,Negotiation by delivery,交付轉讓,,,,2020-04-01
7197742,Negotiation by endorsement,背書轉讓,,,,2020-04-01
7197743,Date of maturity,到期日,,,,2020-04-01
7197744,Referee,預備付款人,,,,2020-04-01
7197745,Bill by evidence of consecutive endorsements,票據背書連續之證明,,,,2020-04-01
7197746,Guaranty,票據保證,,,,2020-04-01
7197747,Bills in a set,複本,,,,2020-04-01
7197748,Duplicates of bills,謄本,,,,2020-04-01
7197749,Presentment,提示,,,,2020-04-01
7197750,Payment certified,照付,,,,2020-04-01
7197751,Payment guaranteed,保付,,,,2020-04-01
7197752,Work,著作,,,,2020-04-01
7197753,Original copy,原件,,,,2020-04-01
7197754,Copies,重製物,,,,2020-04-01
7197755,Expression,表達,,,,2020-04-01
7197756,Idea,思想,,,,2020-04-01
7197757,Idea-expression merger doctrine,思想表達合併原則,,,,2020-04-01
7197758,Scénes á Faire,場景原則,,,,2020-04-01
7197759,Originality,原創性,,,,2020-04-01
7197760,Author,著作人,,,,2020-04-01
7197761,Authorship,著作權,,,,2020-04-01
7197762,Copyright,著作財產權,,,,2020-04-01
7197763,Moral right,著作人格權,,,,2020-04-01
7197764,Literal work,語文著作,,,,2020-04-01
7197765,Musical work,音樂著作,,,,2020-04-01
7197766,Dramatic work,戲劇著作,,,,2020-04-01
7197767,Choreographic work,舞蹈著作,,,,2020-04-01
7197768,Artistic work,美術著作,,,,2020-04-01
7197769,Photographic work,攝影著作,,,,2020-04-01
7197770,Pictorial or graphic work,圖形著作,,,,2020-04-01
7197771,Audiovisual work,視聽著作,,,,2020-04-01
7197772,Sound recording,錄音著作,,,,2020-04-01
7197773,Architectural work,建築著作,,,,2020-04-01
7197774,Computer program,電腦程式著作,,,,2020-04-01
7197775,Derivative work,衍生著作,,,,2020-04-01
7197776,Compilation work,編輯著作,,,,2020-04-01
7197777,Right of publication,公開發表權,,,,2020-04-01
7197778,Right of attribution,姓名表示權,,,,2020-04-01
7197779,Right of integrity,同一性保持權,,,,2020-04-01
7197780,Right of reproduction,重製權,,,,2020-04-01
7197781,Temporary reproduction,暫時性重製,,,,2020-04-01
7197782,Right of public recitation,公開口述權,,,,2020-04-01
7197783,Right of public presentation,公開上映權,,,,2020-04-01
7197784,Right of public performance,公開演出權,,,,2020-04-01
7197785,Right of communication to the public,公開傳輸權,,,,2020-04-01
7197786,Right of public display,公開展示權,,,,2020-04-01
7197787,Distribution right,散布權,,,,2020-04-01
7197788,Rental right,出租權,,,,2020-04-01
7197789,Adaptation right,改作權,,,,2020-04-01
7197790,Right to compile,編輯權,,,,2020-04-01
7197791,Electronic rights-management information,權利管理電子資訊,,,,2020-04-01
7197792,Anti-circumvention technological measure,防盜拷措施,,,,2020-04-01
7197793,Internet service provider,網路服務提供者,,,,2020-04-01
7197794,Service provider of transitory digital network communications,連線服務提供者,,,,2020-04-01
7197795,Service provider of system caching,快速存取服務提供者,,,,2020-04-01
7197796,Service provider of information residing on systems or networks,資訊儲存服務提供者,,,,2020-04-01
7197797,Service provider of information location tools,搜尋服務提供者,,,,2020-04-01
7197798,Fair use,合理使用,,,,2020-04-01
7197799,Transformative use,轉換性使用,,,,2020-04-01
7197800,Collective management organization of copyright,著作權集體管理團體,,,,2020-04-01
7197801,First sale doctrine,第一次銷售原則,,,,2020-04-01
7197802,Berne Convention/Berne Convention for the Protection of Literary and Artistic Works,伯恩公約,,,,2020-04-01
7197803,Work made for hire,受雇著作,,,,2020-04-01
7197804,Work made for commission,受聘著作,,,,2020-04-01
7197805,Joint work,共同著作,,,,2020-04-01
7197806,Copyright duration,著作財產權存續期間,,,,2020-04-01
7197807,Orphan work,孤兒著作,,,,2020-04-01
7197808,Copyright licensing,著作財產權授權,,,,2020-04-01
7197809,Copyright assignment,著作財產權讓與,,,,2020-04-01
7197810,Compulsory licensing,特許實施權,,,,2020-04-01
7197811,Statutory limitations and exceptions of copyright,著作財產權之限制,,,,2020-04-01
7197812,Copyright Review and Mediation Committee,著作權審議及調解委員會,,,,2020-04-01
7197813,Reasonable scope,合理範圍,,,,2020-04-01
7197814,Visual impairment,視覺障礙,,,,2020-04-01
7197815,Perceptual impairment,聽覺障礙,,,,2020-04-01
7197816,Reading impairment,學習障礙,,,,2020-04-01
7197817,Infringement of copyright,著作財產權侵害,,,,2020-04-01
7197818,Infringement of moral right,著作人格權侵害,,,,2020-04-01
7197819,Access,接觸,,,,2020-04-01
7197820,Substantial similarity,實質近似/實質相似,,,,2020-04-01
7197821,Ordinary observer test,通常觀察者測試,,,,2020-04-01
7197822,Indirect infringment of copyright,著作權間接侵害,,,,2020-04-01
7197823,Contributory infringement of copyright,著作權輔助侵害,,,,2020-04-01
7197824,Inducing infringement of copyright,著作權誘引侵害,,,,2020-04-01
7197825,Vicarious liability of copyright infringement,著作權侵害之替代責任,,,,2020-04-01
7197826,Fair trade,公平交易,,,,2020-04-01
7197827,Antitrust,反托拉斯,,,,2020-04-01
7197828,Unfair competition,不公平競爭,,,,2020-04-01
7197829,Fair Trade Act,公平交易法,,,,2020-04-01
7197830,Enforcement Rules of Fair Trade Act,公平交易法施行細則,,,,2020-04-01
7197831,Trading order,交易秩序,,,,2020-04-01
7197832,Consumers' interests,消費者利益,,,,2020-04-01
7197833,Fair competition,公平競爭,,,,2020-04-01
7197834,Enterprise,事業,,,,2020-04-01
7197835,Sole proprietorship,獨資,,,,2020-04-01
7197836,Partnership,合夥,,,,2020-04-01
7197837,Provision of goods or services,提供商品或服務,,,,2020-04-01
7197838,Person or organization engaging in transactions,從事交易之人或團體,,,,2020-04-01
7197839,Trade association organized by businesses,事業所組成之同業公會,,,,2020-04-01
7197840,Trading counterpart,交易相對人,,,,2020-04-01
7197841,Supplier,供給者,,,,2020-04-01
7197842,Purchaser,需求者,,,,2020-04-01
7197843,Trading opportunity,交易機會,,,,2020-04-01
7197844,Relevant market,相關市場,,,,2020-04-01
7197845,Geographic area or coverage wherein enterprises compete,事業從事競爭之區域或範圍,,,,2020-04-01
7197846,Fair Trade Commission,公平交易委員會,,,,2020-04-01
7197847,Monopolistic enterprise,獨占事業,,,,2020-04-01
7197848,No competition,無競爭狀態,,,,2020-04-01
7197849,Dominant position,壓倒性地位,,,,2020-04-01
7197850,Ability to exclude competition,可排除競爭之能力,,,,2020-04-01
7197851,Not in fact engaging in price competition,實際上不為價格之競爭,,,,2020-04-01
7197852,Market share,市場占有率,,,,2020-04-01
7197853,Total sales in the preceding fiscal year,上一會計年度事業總銷售金額,,,,2020-04-01
7197854,Unfair means,不公平之方法,,,,2020-04-01
7197855,Direct or indirect prevention of other enterprises from competing,直接或間接阻礙他事業參與競爭,,,,2020-04-01
7197856,"Improper setting, maintaining or changing",不當之決定、維持或變更,,,,2020-04-01
7197857,Abuses of dominant positions,濫用市場地位,,,,2020-04-01
7197858,Merger,結合,,,,2020-04-01
7197859,Enterprise and another enterprise are merged into one,與他事業合併,,,,2020-04-01
7197860,Controlling interest,控制性持股,,,,2020-04-01
7197861,Voting shares,有表決權之股份,,,,2020-04-01
7197862,Enterprises in the merger,參與結合之事業,,,,2020-04-01
7197863,Filed merger,事業結合之申報,,,,2020-04-01
7197864,Overall economic benefit,整體經濟利益,,,,2020-04-01
7197865,Disadvantages resulted from competition restraint,限制競爭之不利益,,,,2020-04-01
7197866,Imposition of condition,附加條件,,,,2020-04-01
7197867,Imposition of undertaking,附加負擔,,,,2020-04-01
7197868,Concerted action,聯合行為,,,,2020-04-01
7197869,Competing enterprises at the same production and/or marketing stage,具競爭關係之同一產銷階段事業,,,,2020-04-01
7197870,Agreement,協議,,,,2020-04-01
7197871,Other form of mutual understanding,其他方式之合意,,,,2020-04-01
7197872,Other behavior that restricts each other's business activities,其他相互約束事業活動之行為,,,,2020-04-01
7197873,Meeting of minds,意思聯絡,,,,2020-04-01
7197874,Legally binding,有法律拘束力,,,,2020-04-01
7197875,Joint action,共同行為,,,,2020-04-01
7197876,Resale prices,轉售價格,,,,2020-04-01
7197877,Justifiable reasons,正當理由,,,,2020-04-01
7197878,Restriction of compeition,限制競爭,,,,2020-04-01
7197879,Damage of a particular enterprise,損害特定事業,,,,2020-04-01
7197880,Discontinuation of supplying,斷絕供給,,,,2020-04-01
7197881,Discontinuation of purchasing,斷絕購買,,,,2020-04-01
7197882,Discriminatory treatment for another enterprise,對他事業給予差別待遇,,,,2020-04-01
7197883,Inducement with low price,低價利誘,,,,2020-04-01
7197884,Coercion,威脅,,,,2020-04-01
7197885,Inducement with interest,利誘,,,,2020-04-01
7197886,Vertical restriction,垂直限制競爭,,,,2020-04-01
7197887,Mater sufficient to affect trading decisions,足以影響交易決定之事項,,,,2020-04-01
7197888,False,虛偽不實,,,,2020-04-01
7197889,Misleading,引人錯誤,,,,2020-04-01
7197890,Representation,表示,,,,2020-04-01
7197891,Symbol,表徵,,,,2020-04-01
7197892,Advertising agency,廣告代理業,,,,2020-04-01
7197893,Principal of advertisement,廣告主,,,,2020-04-01
7197894,Advertising medium,廣告媒體業,,,,2020-04-01
7197895,Misleading advertisement,引人錯誤廣告,,,,2020-04-01
7197896,Endorser,廣告薦證者,,,,2020-04-01
7197897,Gift,贈品,,,,2020-04-01
7197898,Prize,贈獎,,,,2020-04-01
7197899,Business reputation,營業信譽,,,,2020-04-01
7197900,Deceptive conduct,欺罔之行為,,,,2020-04-01
7197901,Obviously unfair conduct,顯失公平之行為,,,,2020-04-01
7197902,Likelihood of affecting trading order,足以影響交易秩序,,,,2020-04-01
7197903,Leniency rules,寬恕條款,,,,2020-04-01
7197904,Filing of a complaint,提出書面檢舉,,,,2020-04-01
7197905,Informing the competent authority in writing,向主管機關提出書面檢舉,,,,2020-04-01
7197906,Submission of evidence,檢附事證,,,,2020-04-01
7197907,Assisting of investigation,協助調查,,,,2020-04-01
7197908,Dissolution,解散,,,,2020-04-01
7197909,Suspension of business operation,歇業,,,,2020-04-01
7197910,Termination of business operation,停止營業,,,,2020-04-01
7197911,proper conduct in connection with the exercise of rights,行使權利之正當行為,,,,2020-04-01
7197912,Antitrust fund,反托拉斯基金,,,,2020-04-01
7197913,International competition law enforcement agency,國際競爭法執法機關,,,,2020-04-01
21323770,Restriction of the designated goods,指定使用商品之縮減,,,,
21323771,Division of the designated goods,指定使用商品之分割,,,,
21323772,Restriction of the designated services,指定使用服務之縮減,,,,
21323773,Division of the designated services,指定使用服務之分割,,,,
21323774,Generic mark,通用標章,,,,
21323775,Generic term,通用名稱,,,,
21323776,Devoid of distinctiveness / Lack of distinctiveness,欠缺識別性,,,,
21323777,Contrary to public policy,妨害公共秩序,,,,
21323778,Contrary to good morals,妨害善良風俗,,,,
21323779,Geographical indication for wines,葡萄酒地理標示,,,,
21323780,Geographical indication for spirits,蒸餾酒地理標示,,,,
21323781,Acceptance of trademark registration,商標核准審定,,,,
21323782,Date of publication for registration,商標註冊公告日,,,,
21323783,Period of trademark right,商標權期間,,,,
21323784,Expiration,屆滿,,,,
21323785,Internationally used symbol for registration,國際通用註冊符號,,,,
21323786,Industrial or commercial usage,商業交易習慣,,,,
21323787,Honest practices,誠實信用方法(商標),,,,
21323788,Removal of a trademark license from the Register,廢止商標授權登記,,,,
21323789,Possibility to reconstruct or rehabilitate,重建更生之可能,,,,
21323790,Labor union,工會,,,,
21323791,Corporate union,企業工會,,,,
21323792,Industrial union,產業工會,,,,
21323793,Professional union,職業工會,,,,
21323794,Employee,受僱員工,,,,
21323795,Roster of labor insurance,勞工保險投保名冊,,,,
21323796,Reorganization proposal,重整方案,,,,
21323797,Approval of reorganization application,准許重整之聲請,,,,
21323798,Dismissal of reorganization application,駁回重整之聲請,,,,
21323799,Right of retrieval,取回權,,,,
21323800,Right of rescission,解除權,,,,
21323801,Right of set-off,抵銷權,,,,
21323802,Interested party / Concerned person,關係人,,,,
21323803,Meeting of interested parties / Meeting of concerned persons,關係人會議,,,,
21323804,Rights of creditors in reorganization,重整債權,,,,
21323805,Preferred rights of creditors in reorganization,優先重整債權,,,,
21323806,Secured rights of creditors in reorganization,有擔保重整債權,,,,
21323807,Unsecured rights of creditors in reorganization,無擔保重整債權,,,,
21323808,Reorganization procedures,重整程序,,,,
21323809,Security in pledge,股份設質,,,,
21323810,Outstanding voting share,已發行有表決權之股份,,,,
21323811,Par value share / Par value stock,票面金額股,,,,
21323812,No-par (value) share / No-par (value) stock,無票面金額股,,,,
21323813,Low-par (value) share / Low-par (value) stock,低票面金額股,,,,
21323814,Restriction on the exercise of voting power,行使表決權之限制,,,,
21323815,Non-voting share / Non-voting stock,無表決權股,,,,
21323816,Multiple voting right share / Multiple-voting share,複數表決權股,,,,
21323817,Multiple voting right,複數表決權,,,,
21323818,Golden share,黃金股,,,,
21323819,Veto / Veto right / Veto power,否決權,,,,
21323820,Protective provision,保護性條款,,,,
21323821,Share to be converted into multiple common shares,得轉換成複數普通股之特別股,,,,
21323822,Dual-class share / Dual-class stock,雙層股權股,,,,
21323823,Dual-class share structure / Dual-class stock structure / Dual-class structure,雙層股權結構,,,,
21323824,Startup / Emerging business,新創企業,,,,
21323825,Family business / Family-owned business,家族企業,,,,
21323826,Restricted stock / Restricted securities,限制型股票,,,,
21323827,Restricted stock for employees,限制員工權利新股,,,,
21323828,Cause for convening the meeting,召集事由,,,,
21323829,Notice given by means of electronic transmission / Electronic notice / E-notice,電子通知,,,,
21323830,Reduction of capital,減資,,,,
21323831,Cease the status as a public company,停止公開發行,,,,
21323832,Approval for directors to compete (with the company),董事競業許可,,,,
21323833,Surplus profit distributed in the form of new shares,盈餘轉增資,,,,
21323834,Reserve distributed in the form of new shares,公積轉增資/公積撥充資本,,,,
21323835,Essential contents,主要內容,,,,
21323836,Extemporary motion,臨時動議,,,,
21323837,Amendment to the contents of the original proposal,原議案之修正,,,,
21323838,Total number of outstanding shares,已發行股份總數,,,,
21323839,Ex-dividend date,除息日,,,,
21323840,Ex-rights date,除權日,,,,
21323841,Book closure date,停止股票過戶日/停止過戶日,,,,
21323842,Promote public interests,增進公共利益,,,,
21323843,Fulfill social responsibilities,善盡社會責任,,,,
21323844,Electronic meeting / E-meeting / Virtual conference,視訊會議,,,,
21323845,Virtual shareholders' meeting,視訊股東會,,,,
21323846,Hybrid shareholders' meeting,視訊輔助股東會,,,,
21323847,The Act Governing Electronic Payment Institutions,電子支付機構管理條例,,,,
21323848,Electronic payment platform,電子支付平臺,,,,
21323849,Contracted institution,特約機構,,,,
21323850,User,使用者,,,,
21323851,Stored-value card,儲值卡,,,,
21323852,Electronic payment account,電子支付帳戶,,,,
21323853,Non-physical payment instrument,非實體形式之支付工具,,,,
21323854,Collecting and making payments for real transactions as an agent,代理收付實質交易款項,,,,
21323855,Accepting deposits as stored-value funds,收受儲值款項,,,,
21323856,Domestic and foreign small-amount remittance,辦理國內外小額匯兌,,,,
21323857,Payments for multiple purposes,多用途支付使用,,,,
21323858,"Electronic, magnetic, or optical technology to store monetary value",電子、磁力或光學等技術儲存金錢價值,,,,
21323859,Shared terminal devices for contracted institution,端末設備共用,,,,
21323860,Reward points integration and redemption,紅利積點整合及折抵,,,,
21323861,Collecting and making payments as an agent,代理收付款項,,,,
21323862,Stored-value funds,儲值款項,,,,
21323863,Electronic payment institution,電子支付機構 ,,,,
21323864,Payer,付款方,,,,
21323865,Non-bank electronic stored-value cards issuer,非銀行電子票證發行機構,,,,
21323866,Business license,營業執照,,,,
21323867,Transfer,移轉,,,,
21323868,Drawing and utilization,動用及運用,,,,
21323869,Dedicated deposit account,專用存款戶,,,,
21323870,Payment instruction,支付指示,,,,
21323871,Declare trust,交付信託,,,,
21323872,Full bank guarantee,銀行十足之履約保證,,,,
21323873,Trust agreement,信託契約,,,,
21323874,Dedicated deposit account as a trust account,信託專戶,,,,
21323875,Necessary transaction record,必要交易紀錄,,,,
21323876,Business to Consumer,企業對消費者,,,,
21323877,E-cash,電子現金,,,,
21323878,E-check,電子支票,,,,
21323879,Mobile cash,行動錢包,,,,
21323880,Money transmitting service,資金傳輸服務,,,,
21323881,Check cashing,支票兌現,,,,
21323882,Currency exchange,貨幣匯兌,,,,
21323883,Money-services businesses,資金服務業,,,,
21323884,Futures ,期貨,,,,
21323885,Futures trading,期貨交易,,,,
21323886,Futures contract ,期貨契約,,,,
21323887,Option contract ,選擇權契約,,,,
21323888,Leverage contract ,槓桿保證金契約,,,,
21323889,Swap contract ,交換契約,,,,
21323890,Futures commission merchant,期貨商,,,,
21323891,Futures exchange ,期貨交易所,,,,
21323892,Futures clearing house,期貨結算機構,,,,
21323893,Off market offsetting,場外沖銷,,,,
21323894,Trading margin,交易保證金,,,,
21323895,Futures trader,期貨交易人,,,,
21323896,Futures services enterprise,期貨服務事業,,,,
21323897,Futures trust enterprise,期貨信託事業,,,,
21323898,Managed futures enterprise,期貨經理事業,,,,
21323899,Futures advisory enterprise,期貨顧問事業,,,,
21323900,Futures trust fund,期貨信託基金,,,,
21323901,Market surveillance,市場監視,,,,
21323902,Futures market,期貨市場,,,,
21323903,Cross-trading,交叉交易,,,,
21323904,Accommodation trading,配合交易,,,,
21323905,Bucketing,對作,,,,
21323906,Spot commodity,現貨商品,,,,
21323907,Financial technology,金融科技,,,,
21323908,Innovative experimentation,創新實驗,,,,
21323909,Clearing and settlement system,結算制度,,,,
21323910,Open position,持有部位,,,,
21323911,Stock option contract,股票選擇權契約,,,,
21323912,Stock futures contract,股票期貨契約,,,,
21323913,Financial services enterprise,金融服務業,,,,
21323914,Financial consumer,金融消費者,,,,
21323915,Financial consumer dispute,金融消費爭議,,,,
21323916,Ombudsman body,爭議處理機構,,,,
21323917,Suitability,適合度,,,,
21323918,Financial promotion,金融推介,,,,
21323919,High risk product ,高風險商品,,,,
21323920,Ombudsman committee member,評議委員,,,,
21323921,Ombudsman committee,評議委員會,,,,
21323922,Principle of fairness and reasonableness,公平合理原則,,,,
21323923,Mediation,調處,,,,
21323924,Business solicitation ,業務招攬,,,,
21323925,Automatic channel transaction,自動化通路交易,,,,
21323926,Ombudsman statement,評議書,,,,
21323927,Complaint,申訴,,,,
21323928,Conciliation,調解,,,,
21323929,Compromise,和解,,,,
21323930,Qualified institutional investor,專業投資機構,,,,
21323931,Financial Ombudsman Institution,金融消費評議中心,,,,
21323932,Financial Consumer Protection Act,金融消費者保護法,,,,
21323933,Trade secret,營業秘密,,,,
21323934,Trade Secrets Act,營業秘密法,,,,
21323935,Secretive nature,秘密性,,,,
21323936,Actual economic value,實際之經濟價值,,,,
21323937,Potential economic value,潛在之經濟價值,,,,
21323938,Reasonable measures to protect secrecy,合理之保密措施,,,,
21323939,Reasonable compensation,合理報酬,,,,
21323940,Ownership of trade secret,營業秘密之歸屬,,,,
21323941,Joint research,共同研究,,,,
21323942,Joint development,共同開發,,,,
21323943,Jointly-owned trade secret,共有之營業秘密,,,,
21323944,Disposition of trade secret,營業秘密之處分,,,,
21323945,Unanimous approval by all co-owners,共有人之全體同意,,,,
21323946,Justification,正當理由,,,,
21323947,Refuse to consent,拒絕同意,,,,
21323948,Subject matter of pledge,質權之標的,,,,
21323949,Subject matter of compulsory enforcement,強制執行之標的,,,,
21323950,Advocate,辯護人,,,,
21323951,Expert witness,鑑定人,,,,
21323952,Disclosure without due cause,無故洩漏,,,,
21323953,Misappropriation of trade secret,侵害營業秘密,,,,
21323954,Acquisition of a trade secret,取得營業秘密,,,,
21323955,Disclosure of a trade secret,洩漏營業秘密,,,,
21323956,Not knowing due to gross negligence,因重大過失而不知,,,,
21323957,Legal duty to keep confidential a trade secret,依法有守營業秘密之義務,,,,
21323958,Improper means,不正當方法,,,,
21323959,Unauthorized reproduction,擅自重製,,,,
21323960,Breach of obligation to maintain secrecy ,違反保密義務,,,,
21323961,Deleting a possessed trade secret,刪除持有之營業秘密,,,,
21323962,Destroying a possessed trade secret,銷毀持有之營業秘密,,,,
21323963,Concealing a possessed trade secret,隱匿持有之營業秘密,,,,
21323964,Investigation confidentiality order,偵查保密令,,,,
21323965,Investigation content,偵查內容,,,,
21323966,Person subject to an investigation confidentiality order,受偵查保密令之人,,,,
21323967,Confidentiality preservation order,秘密保持命令,,,,
21323968,Trade secret owner,營業秘密所有人,,,,
21323969,International treaty for trade secret protection,保護營業秘密之國際條約,,,,
21323970,Agreement on reciprocal trade secret protection,相互保護營業秘密之協定,,,,
21323971,Integrated circuits,積體電路,,,,
21323972,Layout-design/Topography,電路布局,,,,
21323973,Circuit layout right,電路布局權,,,,
21323974,Electronic circuitry function ,電子電路功能,,,,
21323975,Transistor,電晶體,,,,
21323976,Capacitor,電容器,,,,
21323977,Resistor,電阻器,,,,
21323978,Interconnection,連接線路/導線,,,,
21323979,Semiconducting material,半導體材料,,,,
21323980,Electronic component,電子元件,,,,
21323981,Electronic circuit diagram,電子電路圖,,,,
21323982,Reverse engineering,還原工程,,,,
21323983,Three-dimensional disposition ,立體設計,,,,
21323984,Two-dimensional disposition ,平面設計,,,,
21323985,Creator ,創作人,,,,
21323986,Successor/Assignee,繼受人,,,,
21323987,Integrated circuit product,積體電路成品,,,,
21323988,Manufacturing process of an integrated circuit,積體電路製造方法,,,,
21323989,Registration certificate,登記證書,,,,
21323990,Plagiarism,抄襲,,,,
21323991,Assessment report,鑑定書,,,,
21323992,Cultural and creative industries,文化創意產業,,,,
21323993,Artistic creation ,藝術創作,,,,
21323994,Cultural preservation ,文化保存,,,,
21323995,Citizens' cultural literacy,國民文化素養,,,,
21323996,Intellectual properties,智慧財產,,,,
21323997,Aesthetic literacy,美學素養,,,,
21323998,Visual art industry,視覺藝術產業,,,,
21323999,Music and performance art industry,音樂及表演藝術產業,,,,
21324000,Industry of cultural assets application and exhibition and performance facility,文化資產應用及展演設施產業,,,,
21324001,Handicrafts industry,工藝產業,,,,
21324002,Film industry,電影產業,,,,
21324003,Radio and television broadcast industry,廣播電視產業,,,,
21324004,Publication industry,出版產業,,,,
21324005,Advertisement industry,廣告產業,,,,
21324006,Product design industry,產品設計產業,,,,
21324007,Visual communication design industry,視覺傳達設計產業,,,,
21324008,Designer fashion industry,設計品牌時尚產業,,,,
21324009,Architecture design industry,建築設計產業,,,,
21324010,Digital content industry,數位內容產業,,,,
21324011,Creativity living industry,創意生活產業,,,,
21324012,Popular music and cultural content industry,流行音樂及文化內容產業,,,,
21324013,Cultural and creative enterprise,文化創意事業,,,,
21324014,Ministry of Culture,文化部,,,,
21324015,National Development Fund,國家發展基金,,,,
21324016,Cultural and creative assets,文化創意資產,,,,
21324017,Capital items,資本門,,,,
21324018,Reward,獎勵,,,,
21324019,Subsidy,補助,,,,
21324020,Formation of legal entity,法人化,,,,
21324021,Tax statement registration,稅籍登記,,,,
21324022,Business incubation,創業育成,,,,
21324023,Consumption habits relating to arts,藝文消費習慣,,,,
21324024,Voucher for artistic and cultural experiencing,藝文體驗券,,,,
21324025,Original product or service ,原創產品或服務,,,,
21324026,Creation,創作,,,,
21324027,Incubation,育成,,,,
21324028,Exhibition and performance,展演,,,,
21324029,Procurement,採購,,,,
21324030,Public selection ,公開評選,,,,
21324031,Government-owned public transportation systems,公有公共運輸系統,,,,
21324032,Station,場站,,,,
21324033,Credit guarantee institution,信用保證機構,,,,
21324034,Credit guarantee,信用保證,,,,
21324035,Self-owned brand,自有品牌,,,,
21324036,International brand image,國際品牌形象,,,,
21324037,International exhibition and performance,國際展演,,,,
21324038,Competition,競賽,,,,
21324039,Exposition,博覽會,,,,
21324040,Cultural arts festival,文化藝術節慶,,,,
21324041,Historical material,史料,,,,
21324042,Preserved cultural and historical relics,典藏文物,,,,
21324043,Video and audio material,影音資料,,,,
21324044,Government-owned cultural and creative assets,公有文化創意資產,,,,
21324045,Benefit preservation ,收益保留,,,,
21324046,Government-owned real estate not for public use,公有非公用不動產,,,,
21324047,Copyright authority,著作權專責機關,,,,
21324048,Cultural and creative product,文化創意產品,,,,
21324049,Unidentifiable copyright owner  ,著作財產權人不明,,,,
21324050,Unlocatable copyright owner,著作財產權人所在不明,,,,
21324051,Scope of permission,許可範圍,,,,
21324052,Remuneration / Compensation,報酬,,,,
21324053,Orphan works ,孤兒著作,,,,
21324054,Tax deduction and exemption,減免稅捐,,,,
21324055,Import duties,進口稅捐,,,,
21324056,Decision of authorization,授權許可,,,,
21324057,Financial Technology Development and Innovative Experimentation Act,金融科技發展與創新實驗條例,,,,
21324058,Innovative experimentation participant,創新實驗者,,,,
21324059,Inclusive financing,普惠金融,,,,
21324060,Technological innovation,科技創新,,,,
21324061,Innovation experimentation plan,創新實驗計畫,,,,
21324062,"Security on collecting, processing, using and transmitting information",資訊蒐集、處理、利用及傳輸安全,,,,
21324063,Financial technology patent,金融科技專利,,,,
21324064,Artificial intelligence / AI,人工智慧,,,,
21324065,Machine learning / ML,機器學習,,,,
21324066,Blockchain technology,區塊鏈技術,,,,
21324067,Distributed ledger technology / DLT,分散式帳本,,,,
21324068,Cloud computing,雲端運算,,,,
21324069,Big data,大數據,,,,
21324070,Digital banking,數位銀行,,,,
21324071,Insurance technology / InsurTech,保險科技,,,,
21324072,Regulatory technology / RegTech,法遵科技,,,,
21324073,Supervisory technology / SupTech,監理科技,,,,
21324074,Smart regulation,智慧監理,,,,
21324075,Financial regulatory sandbox,金融監理沙盒,,,,
21324076,Fintech activity,金融科技活動 ,,,,
21324077,Enabling technology,賦能技術,,,,
21324078,Open banking,開放銀行,,,,
21324079,Application programming interface / API,開放應用程式介面,,,,
21324080,Digital financial service,數位金融服務,,,,
21324081,Internet-only bank / Online-only bank / Digital-only bank / Virtual bank,純網路銀行(純網銀),,,,
21324082,The Plant Variety and Plant Seed Act,植物品種及種苗法,,,,
21324083,International Convention for the Proctection of New Varieties of Plants,新品種保護國際公約,,,,
21324084,Plant variety,植物品種,,,,
21324085,Single botanical taxon of the lowest known rank,最低植物分類群,,,,
21324086,Plant grouping ,植物群體,,,,
21324087,Characteristic,性狀,,,,
21324088,Genotype,基因型,,,,
21324089,Plant seed,種苗,,,,
21324090,Breeder,育種者,,,,
21324091,Transgenic technology,基因轉殖,,,,
21324092,Transgenic plant,基因轉殖植物,,,,
21324093,Right to apply for plant variety protection,品種申請權,,,,
21324094,Novelty,新穎性,,,,
21324095,Distinctness,可區別性,,,,
21324096,Uniformity,一致性,,,,
21324097,Stability,穩定性,,,,
21324098,Denomination of new varieties of plants,適當品種名稱,,,,
21324099,Right of plant variety protection /  Breeder's right ,品種權,,,,
21324100,Initial variety,起始品種,,,,
21324101,Essentially derived variety,實質衍生品種,,,,
21324102,Dependent variety,從屬品種,,,,
21324103,Propagation,繁殖,,,,
21324104,Propagating material ,繁殖材料,,,,
21324105,Harvested material ,收穫物,,,,
21324106,Conditioning ,調製,,,,
21324107,Farmers' exemption ,農民免責/留種自用,,,,
21324108,Breeders' exemption,育種家免責,,,,
21324109,Designated method of propagation,指定之繁殖方法,,,,
21324110,Particular cycle of propagation,特定繁殖週期,,,,
21324111,Botanical taxon of the plant variety,品種種類,,,,
21324112,Source of the plant variety,品種來源,,,,
21324113,Characteristic of the plant variety,品種特性,,,,
21324114,Test report on the cultivation of the plant variety,栽培試驗報告,,,,
21324115,Application for plant variety right,品種權申請案,,,,
21324116,Publication of application for plant variety right,品種權申請案公開,,,,
21324117,Publication of a plant variety right,品種權申請案核准公告,,,,
21324118,Committee for plant variety evaluation,品種審議委員會,,,,
