ID,英文名詞,中文名詞,德文,日文,法類/法條,審定日期,更新日期
21324956,,假執行,Vorläufig Vollstreckung,,,,
21324957,,假處分,Einstweilige Verfügung,,,,
21324958,,假扣押,Arrest,,,,
21324959,,保全程序 / 暫時權利保護,Verfahren des einstweiligen Rechtsschutzes,,,,
21324960,,督促程序,Mahnverfahren,,,,
21324961,,再審程序,Wiederaufnahmeverfahren,,,,
21324962,,第三審上訴程序,Revisionsverfahren,,,,
21324963,,第二審上訴程序,Berufungsverfahren,,,,
21324964,,小額訴訟程序,Begatellverfahren,,,,
21324965,,言詞辯論,Mündliche Verhandlung,,,,
21324966,,訴訟救助,Prozesshilfe,,,,
21324967,,訴訟費用,Prozesskosten,,,,
21324968,,權利保護必要,Rechtsschutzbedürfnis,,,,
21324970,,程序輔佐人,Verfahrensbeistand,,,,
21324971,,輔佐人,Beistand,,,,
21324972,,反訴,Widerklage,,,,
21324973,,訴之撤回,Klagerücknahme,,,,
21324974,,實質當事人,Materielle Partei,,,,
21324975,,形式當事人,Formelle Partei,,,,
21324976,,當事人,Partei,,,,
21324977,,當事人能力,Parteifähigkeit,,,,
21324978,,專屬管轄,Ausschließliche Zuständigkeit,,,,
21324979,,管轄權,Zuständigkeit,,,,
21324980,,推定,Vermutung,,,,
21324981,,既判力,Rechtskraft,,,,
21324982,,依職權,Von Amts wegen,,,,
21324983,,舉證責任分配,Beweislastsverteilung,,,,
21324984,,經驗法則,Erfahrungssatz,,,,
21324985,,調查證據之結果,Ergebnis der Beweisaufnahme,,,,
21324986,,集中審理原則,Konzentrationsgrundsatz,,,,
21324987,,辯論主義 / 提出原則,Verhandlungsmaxime / Beibringungsgrundsatz,,,,
21324988,,處分權主義 / 處分權原則,Dispositionsmaxime / Dispositionsgrundsatz,,,,
21324989,,訴訟經濟原則,Grundsatz der Prozessökonomie,,,,
21324990,,訴訟上和解,Prozessvergleich,,,,
21324991,,調解,Mediation,,,,
21324992,,家事事件,Familiensachen,,,,
21324993,,程序基本權,Pozessuale Grundrechte,,,,
21324994,,程序選擇權,Recht auf Prozessauswahl,,,,
21324995,,更正登記,Grundbuchberichtigung,更正の登記,,,
21324996,,登記機關,Grundbuchamt,登記所/法務局,,,
21324997,,登記,Eintragung im Grundbuch,登記,,,
21324998,,返還請求權讓與,Übergabe durch Abtretung des Herausgabeanspruch,指図による交付,,,
21324999,,物權行為,Dingliche Rechtsgeschäft,物権行為,,,
21325000,,慰撫金,Schmerzgeld,慰謝料,,,
21325001,Changes in rights in rem,物權之變更,Dingliche Rechtsänderungen,物権変動,,,
21325002,Claim for removal of interference,妨害除去請求權,Beseitigungsanspruch,妨害排除請求権,,,
21325003,Claim of an obligation; Right in personam,債權,Forderung,債権,,,
21325004,Obligation to compensate,償還義務,Verpflichtung zum Wertersatz,償還義務,,,
21325005,A fasle declaration of will in collusion with another/ Collution/ Simulation,通謀虛偽意思表示,Scheingeschäft,虚偽表示,,,
21325006,Abandonment/ Waiver,拋棄,Aufgabe,放棄,,,
21325007,Abstract system of title transfer/ Abstraction priciple,物權行為無因性原則,Abstraktionsprinzip,物権行為の無因性,,,
21325008,Acceptance,受領,Annahme {Ger.},,民法第234條,114.4.12,
21325009,Accession,附合,Verbindung,付合,,,
21325010,Accessory,從物,Zubehör,従物,,,
21325011,Accessory right,從權利,Nebenrecht,従たる権利,,,
21325012,Acquisition by prescription,時效取得,Ersitzung,時効取得,,,
21325013,Acquisition in good faith／bona fide acquisition,善意取得,Gutgläubiger Erwerb,即時取得,,,
21325014,Adult,成年人,Volljähriger,成年者,,,
21325015,Advance registration/ Priority notice,預告登記,Vormerkung,仮登記,,,
21325016,Agency,代理,Vertretung,代理,,,
21325017,Agency without authority/ Unauthorized acts of agents,無權代理,Vertretung ohne Vollmacht,無権代理,,,
21325018,Agent in possession ,占有輔助人,Besitzdiener,占有補助者,,,
21325019,Agreement,合意,Konsens,合意,,,
21325020,Alternative obligation,選擇之債,Wahlschuld,選択債権,,,
21325021,Apartment ownership/ Unit ownership,區分所有,Wohnungseigentum,区分所有,,,
21325022,Authorities of land registration,土地登記機關,Grundbuchamt,土地登記所,,,
21325023,Avoidance,撤銷,Anfechtung,取消し,,,
21325024,Avoidance/ Rescission,撤銷,Anfechtung,取消し,,,
21325025,Benefit of use,使用收益,Nutzung,使用収益,,,
21325026,By-laws /Bylaws,規約,Gemeinschaftsordnung,規約,,,
21325027,Causation,因果關係,Kausalität,因果関係,,,
21325028,Claim,請求,Anspruch {Ger.},,民法,114.4.12,
21325029,Claim for prevention of interference,妨害預防請求權,Unterlassungsanspruch,妨害予防請求権,,,
21325030,Claim for recovery of possession and ownership/ rei vindicatio,所有物返還請求權,Herausgabeanspruch aus Eigentum,所有権に基づく返還請求権,,,
21325031,Claims arising from rights in rem,物上請求權,Dinglicher Anspruch,物上請求権,,,
21325032,Co-ownership,共有,Miteigentum,共有,,,
21325033,Co-ownership by fractional shares,分別共有,Miteigentum nach Bruchteilen,合有,,,
21325034,Commencement of Period/ Beginning date,始期,Anfangstermin,始期,,,
21325035,Compensation for pain and suffering,慰撫金,Schmerzensgeld,慰謝料,,,
21325036,Compensation instead of performance,替補賠償,Schadensersatz statt der Leistung,填補賠償/ 履行 (給付) に代る損害賠償,,,
21325037,Compound Interest,複利,Zinseszinsen,複利,,,
21325038,Conduct of business without mandate/ Management of business without mandate,無因管理,Geschäftsführung ohne Auftrag,事務管理,,,
21325039,Consensual act；Consensual contract,諾成行為,Konsensualrechtsgeschäfte,,,,
21325040,Consent,允許,Einwilligung,同意,,,
21325041,Constitution of foundation,捐助章程,Stiftungsverfassung,寄付行為,,,
21325042,Constitutive transaction ,債務行為,Verpflichtungsgeschäft,債権行為,,,
21325043,constitutum possessorium/ Constructive delivery,占有改定,Besitzkonstitut,占有改定,,,
21325044,Continuing obligation relationship  ,繼續性債之關係,Dauerschuldverhältnis,継続的債権関係,,,
21325045,Contract,契約,Vertrag,契約,,,
21325046,Contract for pecuniary interest ,有償契約,Entgeltlicher Vertrag,有償契約,,,
21325047,Contractual penalty / Liquidated damages,違約金,Vertragsstrafe,違約金,,,
21325048,Contributory negligence/ Contributory fault,與有過失,Mitverschulden,過失相殺/共働過失,,,
21325049,Control of standardized contractual terms,內容控制,Inhaltskontrolle,内容規制,,,
21325050,Creditor,債權人,Gläubiger,債権者,,,
21325051,culpa in contrahendo,締約上過失,Culpa in contrahendo,締約上の過失,,,
21325052,Damage/ Harm,損害,Schaden,損害,,,
21325053,Debtor/Obligor,債務人,Schuldner,債務者,,,
21325054,Declaration of guardianship,監護宣告,Vormundschaftserklärung,禁治産宣告,,,
21325055,Declaration of will/ Declaration of intent,意思表示,Willenserklärung,意思表示,,,
21325056,Default/ Non-performance,債務不履行,Nichterfüllung,債務不履行,,,
21325057,Defective performance,不完全給付,Schlechtleistung,不完全履行,,,
21325058,Defense,抗辯權,Einrede,抗弁権,,,
21325059,Defense of necessity,緊急避難,Notstand,,,,
21325060,Defense of simultaneous performance/ Defence of simultaneous performance(英)/ Exceptio non adimpleti contractus,同時履行抗辯權,Einrede des nicht erfüllten Vertrags；Zug-um-Zug-Leistungen,同時履行の抗弁,,,
21325061,Delay damages,遲延損害,Verzugsschaden,遅延損害,,,
21325062,Delay in acceptance ,受領遲延,Annahmeverzug,受領遅滞,,,
21325063,Delay in performance/ Delay of performance,給付遲延,Leistungsverzögerung,履行遅滞,,,
21325064,Delay interest,遲延利息,Verzugszinsen,遲延利息,,,
21325065,Delivery via assignment of claim for possession,讓與返還請求權以代交付,Übergabe durch Abtretung des Herausgabeanspruch,指図による交付,,,
21325066,Deposit,定金,Draufgabe,手付金,,,
21325067,Deprivation of possession,占有之侵奪,Besitzentziehung,占有の侵奪,,,
21325068,Derivative acquisition,繼受取得,Abgeleiteter Erwerb,承継的取得,,,
21325069,Direct possession,直接占有,Unmittelbarer Besitz,直接占有,,,
21325070,Director,董事,Vorstandsmitglieder,理事,,,
21325071,Disposition transaction,處分行為,Verfügungsgeschäft,処分行為,,,
21325072,Dispositive transaction,物權行為,Dingliches Rechtsgeschäft,物権行為,,,
21325073,Division in kind,原物分割,Teilung in Natur,現物分割,,,
21325074,Doorstep selling,訪問買賣,Haustürgeschäft,訪問販売,,,
21325075,Double assignment of claims/ Double transfer of claims,雙重讓與,Doppelabtretung,二重譲渡,,,
21325076,Essential elements of a contract,契約之必要之點,Wesentliche Punkte des Vertrags,契約の要素,,,
21325077,Exemption effect,免除效果,Befreiungswirkung,免除の効果,,,
21325078,Expiration of Period/ End date,終期,Endtermin,終期,,,
21325079,Fiduciary transfer for security purposes,讓與擔保,Sicherungsübereignung,譲渡担保,,,
21325080,Finding of lost property,遺失物之拾得,Fund,遺失物の拾得,,,
21325081,First possession/ Appropriation,無主物先占,Aneignung,無主物先占,,,
21325082,Formal act,要式行為,Formbedürftige Rechtsgeschäfte,,,,
21325083,Foundation,財團,Stiftung {Ger.},,民法第59條,113.01.27-1,
21325084,General meeting,社員總會,Mitgliederversammlung,社員総会,,,
21325085,General principles of law,法理,Rechtsgrundsatz,条理,,,
21325086,Good faith principle,誠實信用原則,Grundsatz von Treu und Glauben,信義則,,,
21325087,Good morals/ boni mores,善良風俗,Gute Sitten,善良の風俗,,,
21325088,Gross negligence,重大過失,Grobe Fahrlässigkeit {Ger.},,民法第237條,114.4.12,
21325089,Guarantor in rem,物上保證人,Dinglicher Sicherer,物上保証人,,,
21325090,Immovable thing/ Immovable property; Real estate,不動產,Unbewegliche Sache,不動産,,,
21325091,Imperative provision/ Mandatory provision,強制規定,Zwingende Vorschrift,強行規定,,,
21325092,Impossibility of performance,給付不能,Leistungsunmöglichkeit,履行不能,,,
21325093,Intent/ Intention,故意,Vorsatz,故意,,,
21325094,Interest,利息,Zinsen,利息/利子,,,
21325095,Interest rate,利率,Zinssatz,利率,,,
21325096,Interference of possession,占有之妨害,Besitzstörung,占有の妨害,,,
21325097,Intermixture/ Blending and mixing,混合,Vermischung,混合,,,
21325098,Joint mortgate,共同抵押,Gesamthypothek,共同抵当,,,
21325099,Joint possession,共同占有,Mitbesitz,共同占有,,,
21325100,Joint-ownership,公同共有,Gesamthandseigentum,総有,,,
21325101,Juridical person/ Legal person,法人,Juristische Person,法人,,,
21325102,Land,土地,Grundstück; Grund und Boden,土地,,,
21325103,Land register book,土地登記簿,Grundbuch,不動産登記簿,,,
21325104,Land registration,土地登記,Eintragung im Grundbuch,土地登記,,,
21325105,Lawful possession； Possession based on rights,有權占有,Recht zum Besitz,占有の権原,,,
21325106,Legal capacity,權利能力,Rechtsfähigkeit,権利能力,,,
21325107,Legal competence,行為能力,Geschäftsfähigkeit,行為能力,,,
21325108,Legal fruits/ Fruits of a right,法定孳息,Früchte eines Rechts,法定果実,,,
21325109,Legal ground,法律上原因,Rechtlicher Grund,法律上の原因,,,
21325110,Legal representative /Statutory agent,法定代理人,Gesetzlicher Vertreter,法定代理人,,,
21325111,Legal transaction,法律行為,Rechtsgeschäft,法律行為,,,
21325112,Limited rights in rem,定限物權/限制物權,Beschränktes dingliches Recht,制限物権,,,
21325113,Liquidator,清算人,Liquidator,清算人,,,
21325114,Lost profits,所失利益,Entgangener Gewinn,逸失利益,,,
21325115,Main thing/ Principal thing,主物,Hauptsache,主物,,,
21325116,Maximum amount mortgage/ Revolving mortgage/ Line of credit mortgage,最高限額抵押權,Höchstbetragshypothek,根抵当,,,
21325117,Means of publicity,公示方法,Publizitätmittel,公示方法,,,
21325118,Mediate possession/ Indirect possession,間接占有,Mittelbarer Besitz,間接占有,,,
21325119,Mental reservation,真意保留；單獨虛偽意思表示,,,民法第86條，學理上重要名詞,113.03.09,
21325120,Merger,混同,Vereinigung,混同,,,
21325121,Minor,未成年人,Minderjähriger,未成年者,,,
21325122,Monetary compensation,金錢賠償,Schadensersatz in Geld/Geldersatz,金銭的賠償,,,
21325123,Movable thing / Movable /Movable property; Chattel,動產,Bewegliche Sache,動産,,,
21325124,Natural fruits/ Fruits of a thing,天然孳息,Früchte einer Sache,天然果実,,,
21325125,Negligence,過失,Fahrlässigkeit,過失,,,
21325126,Non-gratuitous act,有償行為,Entgeltliche Rechtsgeschäfte,,,,
21325127,Non-pecuniary damage/ Immaterial damage/ Intangible damage,非財產上損害,Immaterieller Schaden,非財産の損失,,,
21325128,Numerus clausus in the rights in rem,物權法定主義,numerus clausus im Sachenrecht,物権法定主義,,,
21325129,Object;Subject matter,標的,Gegenstand,目的物,,,
21325130,Obligation in kind,種類之債,Gattungsschuld,種類債権,,,
21325131,Obligation to restitute  ,返還義務,Verpflichtung zur Herausgabe,返還義務,,,
21325132,Obligatory relationship,債之關係,Schuldverhältnis,債権関係/債権債務関係,,,
21325133,Offer,要約,Antrag/Angebot,申込み,,,
21325134,One-object-one-right doctrine/ Principle of speciality,一物一權主義,Spezialitätsprinzip,一物一権主義,,,
21325135,Original acquisition,原始取得,Originärer Eigentumserwerb,原始取得,,,
21325136,Owner,所有人,Eigentümer,所有者,,,
21325137,Ownership,所有權,Eigentum,所有権,,,
21325138,Partition of property in co-ownership,共有物之分割,Teilung der gemeinschaftlichen Sachen,共有物の分割,,,
21325139,Pecuniary damage/ Material damage/ Tangible damage/Patrimonial damage,財產損害,Vermögensschaden,財産損失,,,
21325140,Performance,給付,Leistung,給付,,,
21325141,Period for statute of limitations,消滅時效期間,Verjährungsfrist,消滅時効期間,,,
21325142,Personality right,人格權,Persönlichkeitsrecht,人格権,,,
21325143,Pledge of movables/ Pledge of movable things ,動產質權,Pfandrecht an beweglicher Sache,動産質権,,,
21325144,Pledge of rights,權利質權,Pfandrecht an Recht,権利質,,,
21325145,Positive damage,所受損害,Positiver Schaden,損害,,,
21325146,possessio nomine alieno/ Possessor for another,他主占有,Fremdbesitz,他主占有,,,
21325147,Possession,占有,Besitz,占有,,,
21325148,Possession for one's own / Proprietary possession,自主占有,Eigenbesitz,自主占有,,,
21325149,Possession in good faith／bona fide possession,善意占有,Redlicher Besitz,善意占有,,,
21325150,Possessor in bad faith,惡意占有人,Unredlicher Besitzer,悪意占有者,,,
21325151,Preferential right to satisfaction,優先受償,Vorrangige Befriedigung,優先弁済の効力,,,
21325152,Presumption of ownership,所有權推定,Eigentumsvermutung,所有権の適法の推定,,,
21325153,Principle of the priority of rights in rem,物權優先原則,Prioritätsprinzip der Sachenrechte,物権優先の原則,,,
21325154,Processing/ Specification,加工,Verarbeitung,加工,,,
21325155,Prohibition of abuse of right,禁止濫用權利,Verbot des Rechtsmissbrauchs (Schikaneverbot),権利濫用禁止,,,
21325156,Prohibitive provision,禁止規定,Verbietende Vorschrift,取締規定,,,
21325157,Protection of possession,占有之保護,Besitzschutz,占有の訴え,,,
21325158,Public faith principles,公信原則,Grundsatz der öffentlichen Glauben,公信の原則,,,
21325159,Public order/ Public policy,公共秩序,Öffentliche Ordnung,公の秩序,,,
21325160,Publicity principle,公示原則,Publizitätsprinzip,公示の原則,,,
21325161,Quasi-real right/Quasi-property right,準物權,Quasidingliches Recht,,,,
21325162,Real act,要物行為,Realrechtsgeschäfte,,,,
21325163,Real estate registration,不動產登記,Eintragung der unbeweglichen Sachen ins Grundbuch,不動産登記,,,
21325164,Real right,物權,Dingliches Recht,物権,,,
21325165,Real right of pre-emption,物上優先購買權,Dingliches Vorkaufsrecht,物権的優先購入権,,,
21325166,Rectification of land registration ,土地更正登記,Grundbuchberichtigung,土地登記の更正,,,
21325167,Reliance damages,信賴損害,Vertrauensschaden,信頼損害/信頼利益,,,
21325168,Representation,代表,Vertretung,,,,
21325169,Rescission of a contract ,契約之解除,Rücktritt von Vertrag,解約/契約の解除,,,
21325170,Resolutive condition/ Condition subsequent,解除條件,Auflösende Bedingung,解除条件,,,
21325171,Respective shares in  a thing/ Fraction,應有部分,Bruchteil,持分,,,
21325172,Restitution,回復原狀,Restitution,現状回復,,,
21325173,Retention of ownership,所有權保留,Eigentumsvorbehalt,所有権の留保,,,
21325174,Reversionary interest of rights in rem/ Right of expectancy in rem,物上期待權,Dingliches Anwartschaftsrecht,物権的期待権,,,
21325175,Revocation,撤回,Widerruf,撤回,,,
21325176,Right of choice,選擇權,Wahlrecht,選択権,,,
21325177,Right of mortgage,抵押權,Hypothek,抵当権,,,
21325178,Right of possessory action,占有訴權,Klagebefugnis des Besitzers/Possessorische Klage,占有訴権,,,
21325179,Right of rescission   ,解除權,Rücktrittsrecht,解除権,,,
21325180,Right of self-defense ,正當防衛,Notwehr,,,,
21325181,Right of way of necessity,袋地通行權,Notwegrecht,囲繞地通行権,,,
21325182,Security right,擔保物權,Dingliches Verwertungsrecht,担保物権,,,
21325183,Self-help,自助行為,Selbsthilfe {Ger.},,民法第151條，學理名詞,114.3.15,
21325184,Separate system of civil and commercial codes,民商分立制度,Dualismus von Zivil- und Handelsrechtskodifikation,,,,
21325185,Servitude,不動產役權,Grunddienstbarkeit,地役権,,,
21325186,Sole ownership,單獨所有,Alleineigentum,単独所有,,,
21325187,Sources of law,法源,Rechtsquelle,法源,,,
21325188,Standardized contractual terms,定型化契約條款,Allgemeine Geschäftsbedingungen,定型約款,,,
21325189,Statute of limitations / Extinctive prescription,消滅時效,Verjährung,消滅時効,,,
21325190,Statutory law/Statutory rule,制定法,Gesetzesrecht,制定法,,,
21325191,Statutory superficies,法定地上權,Gesetzliches Erbbaurecht,法定地上権,,,
21325192,Subrogation in rem,物上代位,Dingliche Surrogation,物上代位,,,
21325193,Subsequent approval,承認,Genehmigung,追認,,,
21325194,Superficies,地上權,Erbbaurecht,地上権,,,
21325195,Supervisor,監察人,Aufsichtsratsmitglied,監事,,,
21325196,Suspensive condition/Condition precedent,停止條件,Aufschiebende Bedingung,停止条件,,,
21325197,Synallagmatic contract/ Bilateral contract,雙務契約,Gegenseitiger Vertrag,双務契約,,,
21325198,Termination ,終止,Kündigung,解除/解約告知,,,
21325199,The claim to subsequent fulfilment; Right to specific performance,補正請求權,Anspruch auf Nacherfüllung,補完請求権/追完請求権,,,
21325200,Thesaurii inventio/ Discovery of buried things,埋藏物的發見,Schatzfund,埋蔵物の発見,,,
21325201,Thing,物,Sache,物,,,
21325202,Tort/ Torts/ Delict,侵權行為,Unerlaubte Handlung,不法行為,,,
21325203,Traditio brevi manu; Summary delivery,簡易交付,Übergabe kurzer Hand,簡易の引渡し,,,
21325204,Transfers of possession by instructions ,指示交付,,指図による占有移転,,,
21325205,Unified system of civil and commercial codes,民商合一制度,code unique (von Zivil- und Handelsrecht),,,,
21325206,Unilateral act,單獨行為,Einseitiges Rechtsgeschäft,単独行為,,,
21325207,Unjustified enrichment/ Unjust enrichment,不當得利,Ungerechtfertigte Bereicherung,不当利得,,,
21325208,Usufructuary right/ Real rights of use,用益物權,Dingliches Nutzungsrecht,用益物権,,,
21325209,Waiver of ownership,所有權拋棄,Eigentumsverzicht,所有権の放棄,,,
21387146,Agent,代理人,Bevollmächtigter {Ger.} / Vertreter {Ger.},,民法第103條,114.7.12,
21387147,Civil matters,民事,Zivilsache {Ger.},,民法第1條,112.03.11,
21387149,Customary law,習慣法,Gewohnheitsrecht {Ger.},,民法第1條，民法第一條雖是用習慣二字，但在法律解釋下應為習慣法,112.03.11,
21387151,Irregular deposit,消費寄託,Unregelmäßige Verwahrung {Ger.},,民法第15條之2,112.03.11,
21387153,Natural persons ,自然人,Natürliche Personen {Ger.},,民法第二章人第一節,112.03.11,
21387155,Missing person,失蹤人,Verschollene {Ger.},,民法第8條,112.03.11,
21387157,Declaration of death,死亡宣告,Todeserklärung {Ger.},,民法第8條,112.03.11,
21387159,To deem ,視為,Erdichtung {Ger.} / Fiktion {Ger.},,民法第7條。視為雖為動詞但為重要法律概念，「視為」表示不可推翻。,112.05.20,
21387161,Presumption,推定,Vermutung {Ger.},,民法第9條,112.03.11,
21387163,Lack of legal competence,無行為能力,Geschäftsunfähigkeit {Ger.},,民法第13條，因應不同翻譯，民法使用行為「能力」皆以competence作為翻譯，關於權利「能力」則使用capacity,112.03.11,
21387165,Limited legal competence,限制行為能力,Beschränkte Geschäftsfähigkeit {Ger.},,民法第15條之2,112.03.11,
21387167,Merely obtaining a legal advantage,純獲法律上利益,Lediglich rechtlicher Vorteil {Ger.},,民法第15條之2,112.03.11,
21387169,Sole proprietorship,獨資,Einzelunternehmen {Ger.},,民法第15條之2,112.03.11,
21387171,Partnership business,合夥營業,Geschäftsbetrieb einer Gesellschaft bürgerlichen Rechts {Ger.},,民法第15條之2,112.03.11,
21387173,Loan for consumption,消費借貸,Darlehen {Ger.},,民法第15條之2,112.03.11,
21387175,Counter evidence / Rebuttal,反證,Gegenbeweis {Ger.},,民法第9條,112.05.20,
21387177,Surety / Guaranty,保證,Bürgschaft {Ger.},,民法第15條之2,112.05.20,
21387179,Donation / Gift,贈與,Schenkung {Ger.},,民法第15條之2,112.05.20,
21387181,Trust,信託,Treuhand {Ger.},,民法第15條之2,112.05.20,
21387183,Mediation,調處,Mediation {Ger.} / Mediatisierung {Ger.},,民法第15條之2,112.05.20,
21387185,Freedom / Liberty,自由,Freiheit {Ger.},,民法第17條,112.05.20,
21387187,Right to a name / Right to use one's name,姓名權,Namensrecht {Ger.},,民法第19條,112.05.20,
21387189,Right,權利,Recht {Ger.},,民法第26條,112.05.20,
21387191,Obligation,義務,Pflicht {Ger.},,民法第26條,112.05.20,
21387193,Affairs of legal persons,法人事務,Geschäfte der juristischen Personen {Ger.},,民法第27條,112.07.15,
21387195,Constitution of an association,社團章程,Vereinsverfassung {Ger.},,民法第27條，條文僅用章程二字，本詞條為社團章程對應捐助章程,112.07.15,
21387197,Authority of representation / Power of representation,代表權,Vertretungsmacht {Ger.},,民法第27條,112.07.15,
21387199,Bona fide third party,善意第三人,Gutgläubiger Dritter {Ger.},,民法第27條,112.07.15,
21387201,Authority of supervision / Power of supervision,監察權,Aufsichtsbefugnis {Ger.},,民法第27條,112.07.15,
21387203,Joint liability,連帶責任,Gesamthaftung {Ger.},,民法第28條,112.07.15,
21387205,Principal office,主事務所,Hauptsitz {Ger.},,民法第29條,112.07.15,
21387207,Domicile,住所,Wohnsitz {Ger.},,民法第29條,112.07.15,
21387209,Persons without legal competence,無行為能力人,Geschäftsunfähige {Ger.},,民法第21條,112.07.15,
21387211,Persons with limited legal competence,限制行為能力人,Beschränkte Geschäftsfähige {Ger.},,民法第21條,112.07.15,
21387213,Statutory representative,法定代理人,Gesetzliche Vertreterin {Ger.},,民法第21條,112.07.15,
21387215,Residence,居所,Gewöhnlicher Aufenthalt {Ger.},,民法第22條,112.07.15,
21387217,Will to repeal,廢止之意思,Aufhebungswille {Ger.},,民法第24條,112.07.15,
21387219,Registration,登記,Eintragung {Ger.},,民法第30條,112.07.15,
21387221,Third party,第三人,Dritte {Ger.},,民法第31條,112.07.15,
21387223,Supervision,監督,Aufsicht {Ger.},,民法第32條,112.07.15,
21387225,Dismissal from a post,解除職務,Entlassung aus dem Dienst {Ger.},,民法第33條,112.08.04,
21387227,Revocation of a license,撤銷許可,Widerruf der  Erlaubnis {Ger.},,民法第34條,112.08.04,
21387229,Bankruptcy,破產,Konkurs {Ger.},,民法第35條,112.08.04,
21387231,Dissolution,解散,Auflösung {Ger.},,民法第36條,112.08.04,
21387233,Liquidation,清算,Liquidation {Ger.},,民法第37條,112.08.04,
21387235,General meeting of members,總會,Mitgliederversammlung {Ger.},,民法第37條,112.08.04,
21387237,Part of a real property,不動產之部分,wesentlicher Bestandteil einer unbeweglichen Sache {Ger.},,民法第66條,112.10.28,
21387239,Residual assets / Remaining assets,賸餘財產,Übriges Vermögen {Ger.},,民法第40條,112.12.09,
21387241,Company limited by share,股份有限公司,Aktiengesellschaft {Ger.},,民法第41條,112.12.09,
21387243,Local self-governing body,地方自治團體,Kommunale Selbstverwaltungsorgane {Ger.},,民法第44條,112.12.09,
21387245,For-profit association,營利社團,Wirtschaftlicher Verein {Ger.},,民法第45條,112.12.09,
21387247,Public-interest association,公益社團,Gemeinnütziger Verein {Ger.},,民法第46條,112.12.09,
21387249,Resolution,決議,Beschluss {Ger.},,民法第38條,112.08.04,
21387251,Member,社員,Mitglieder {Ger.},,民法第47條,112.12.09,
21387253,Authority,主管機關,Zuständige Behörde {Ger.},,民法第48條,112.12.09,
21387255,Association,社團,rechtsfähiger Verein {Ger.},,民法第50條,113.01.27-1,
21387257,Non-public-interest legal person,非公益法人,nichtgemeinnützige jurisrische Person {Ger.},,民法第55條,113.01.27-1,
21387259,Convening procedure,召集程序,Einberufungsverfahren {Ger.},,民法第56條,113.01.27-1,
21387262,Endowment by will,遺囑捐助,Stiftungsgeschäft von Todes wegen {Ger.},,民法第60條,113.01.27-1,
21387264,Resolution of the general meeting,總會決議,Beschluss der Mitgliederversammlung {Ger.},,民法第47條,112.08.04,
21387266,Branch offices,分事務所,Sitz der Filialen {Ger.},,民法第61條,112.10.28,
21387268,Fixture attached to the land / Thing that is attached to the land,定著物,mit dem Grund und Boden fest verbundene Sache {Ger.},,民法第66條,112.10.28,
21387270,Fructus,出產物,Erzeugnisse {Ger.},,民法第66條,112.10.28,
21387272,Executor in testamentary / Executor of a will,遺囑執行人,Testamentsvollstrecker {Ger.},,民法第61條,113.01.27-1,
21387274,Entitlement to obtain / Perception,收取,Perzeption {Ger.},,民法第70條,113.01.27-1,
21387276,Period of entitlement / Duration of entitlement,權利存續期間,Dauer der Berechtigung {Ger.},,民法第70條,113.01.27-1,
21387278,Lack of experience,無經驗,Unerfahrenheit {Ger.},,民法第 74 條,113.01.27-2,
21387280,Statutory form,法定方式,Gesetzliche Form {Ger.},,民法第73條,113.03.09,
21387282,Usury,暴利行為,Wucher {Ger.},,民法第74條，學理上重要名詞,113.03.09,
21387284,Original thing,原物,Muttersache {Ger.},,民法第70條,113.01.27-1,
21387286,Pecuniary performance,財產上之給付,Gewährung des Vermögensvorteils {Ger.},,民法第74條,113.01.27-2,
21387288,Promise to perform,給付之約定,Versprechen der Leistung {Ger.},,民法第74條,113.01.27-2,
21387290,Clear disproportion / Obvious unfairness,顯失公平,Auffälliges Missverhältnis {Ger.},,民法第74條,113.01.27-2,
21387292,Reduction of performance,減輕給付,Herabsetzung der Leistung {Ger.},,民法第74條,113.01.27-2,
21387294,Fictitious expression of intent,真意保留；單獨虛偽意思表示,Geheimer Vorbehalt {Ger.},,民法第86條，學理上重要名詞,113.03.09,
21387296,Receipt theory,達到主義,Empfangstheorie {Ger.},,民法第95條，學理上名詞,113.06.29-1,
21387298,Making a declaration of will for the incompetent person,代為意思表示,Abgabe der Willenserklärung im Namen des Geschäftsunfähigen {Ger.},,民法第76條,113.06.29-2,
21387300,Receiving a declaration of will for the incompetent person,代受意思表示,Empfang von Willenserklärung im Namen des Geschäftsunfähigen {Ger.},,民法第76條,113.06.29-2,
21387301,Empfang von Willenserklärung im Namen des Geschäftsunfähigen {Ger.},代受意思表示,,,民法第76條,113.06.29-2,
21387302,Necessaries of daily life,日常生活所必需,Bedarf des täglichen Lebens {Ger.},,民法第77條,113.06.29-2,
21387304,Conclusion of a contract,契約之訂立,Vertragsschluss {Ger.},,民法第79條,113.06.29-2,
21387306,Contract counterparty,契約相對人,Vertragspartner {Ger.} / Vertragsgegner {Ger.},,民法第80條,113.08.17-1,
21387308,Period,期限；期間,Zeitraum {Ger.} / Fristen {Ger.},,民法第80條；民法第119條,113.08.17-1,
21387310,Notice,催告,Aufforderung {Ger.},,民法第80條,113.08.17-1,
21387312,Predicament of another,他人之急迫,Zwangslage eines anderen {Ger.} / Notlage eines anderen {Ger.},,民法第74條,113.03.09,
21387314,Same effect,同一效力,Dieselbe Wirkung {Ger.},,民法第81條,113.03.09,
21387316,Fraudulence,詐術,Täuschung {Ger.},,民法第83條,113.03.09,
21387317,Competence to dispose of property,財產處分之能力,,,民法第84條，原為「就該財產有處分之能力」調整語序,113.03.09,
21387319,Independent operation of a business,獨立營業,Selbständiger Betrieb {Ger.},,民法第79條,113.03.09,
21387321,Deemed as refusal to acknowledge,視為拒絕承認,Gelten als Verweigerung der Genehmigung {Ger.},,民法第80條,113.08.17-1,
21387323,Concealed transaction,隱藏行為,Verdecktes Geschäft {Ger.},,民法第87條Scheingeschäft通謀行為,113.08.17-1,
21387325,Mistake in content,內容錯誤,Inhaltsirrtum {Ger.},,民法第88條,113.08.17-1,
21387327,Mistake of declaration,表示行為錯誤,Erklärungsirrtum {Ger.},,民法第88條,113.08.17-1,
21387329,Mistake of motive,動機錯誤,Motivirrtum {Ger.},,民法第88條,113.08.17-1,
21387331,Mistake as to characteristics of a person,當事人之資格錯誤,Irrtum über Eigenschaften einer Person {Ger.} / Irrtum über Qualifikation einer Person {Ger.},,民法第88條Eigenschaftsirrtum 性質錯誤，本詞條選自民法第88條，所謂當事人資格不限於法定資格，亦包括人的特徵、能力、經歷等等。德文翻譯前為配合我國中文詞條，後為德國條文用法。,113.08.17-1,
21387333,Dual agency,雙方代理,Mehrfachvertretung {Ger.} / Doppelvertretung {Ger.},,民法第106條，學理名詞,113.08.17-2,
21387335,Significant elements of the transaction / Material elements of the transaction,交易上重要,Verkehrswesentlichkeit {Ger.},,民法第88條,113.10.12,
21387337,Person used for the communication,傳達人,Erklärungsbote {Ger.} / Übermittlungsperson {Ger.},,民法第89條,113.10.12,
21387339,Facility used for the communication,傳達機關,Übermittlungseinrichtung {Ger.},,民法第89條,113.10.12,
21387342,Pathlogical mental disturbance / Disrupted mind ,精神錯亂,Krankhafte Störung der Geistestätigkeit {Ger.},,民法第75條,113.06.29-1,
21387344,Liability in damages,賠償責任,Schadensersatzpflicht {Ger.} / Haftung auf Schadensersatz {Ger.},,民法第91條,113.06.29-1,
21387346,Interest resulting from reliance,信賴利益,Vertrauensinteresse {Ger.},,民法第91條,113.06.29-1,
21387348,Knew,明知,Kennen {Ger.},,民法第91條,113.06.29-1,
21387350,Could have known,可得而知,Kennenmüssen {Ger.},,民法第91條,113.06.29-1,
21387352,Deciet / Fraud,詐欺,Täuschung {Ger.},,民法第92條,113.06.29-1,
21387353,Duress,脅迫,Drohung {Ger.},,民法第92條,113.06.29-1,
21387355,Declaration of will between present parties,對話之意思表示,Willenserklärung unter Anwesenden {Ger.},,民法第94條,113.06.29-1,
21387357,Perception theory / Understanding rule,了解主義,Venehmungstheorie {Ger.},,民法第94條，學理上名詞,113.06.29-1,
21387359,Mistake as to characteristics of a thing,物之性質錯誤,Irrtum über Eigenschaften einer Sache {Ger.},,民法第88條,113.08.17-1,
21387361,Revocation of declaration of will,撤回意思表示,Widerruf der Willenserklärung {Ger.},,民法95條，指阻止意思表示發生效力的撤回，與其他條文指撤回已經發生法律效果之撤回不同,113.08.17-1,
21387363,Service by publication,公示送達,Öffentliche Zustellung {Ger.},,民法第97條，為訴訟上概念,113.08.17-1,
21387365,True intention of the declaring party,當事人之真意,Wirklicher Wille der erklärenden Partei {Ger.},,民法第98條,113.08.17-2,
21387367,Constructive satisfaction of a condition,條件成就之擬制,Fiktion des Bedingungseintritts {Ger.},,民法第101條,113.08.17-2,
21387369,Constructive unsatisfaction of a condition,條件不成就之擬制,Fiktion des Bedingungsausfalls {Ger.},,民法第101條,113.08.17-2,
21387371,Unconsciousness,無意識,Ohne Sinn und Verstand {Ger.},,民法第75條,113.01.27-2,
21387373,Emergency,急迫,Zwangslage {Ger.} / Notlage {Ger.},,民法第 74 條,113.01.27-2,
21387375,Recklessness,輕率,Leichtsinn {Ger.},,民法第 74 條,113.01.27-2,
21387379,Unjust conduct,不正當行為,Unlauteres Verhalten {Ger.},,民法第101條,113.08.17-2,
21387382,Principal,本人,Vertretene {Ger.} / Vertretener {Ger.},,民法第103條,113.08.17-2,
21387384,Incorrect transmission / Incorrect communication,傳達不實,Unrichtige Übermittlung {Ger.},,民法第89條,113.10.12,
21387386,Agent's contract with himself,自己代理,Selbstkontrahierung {Ger.},,民法第106條，學理名詞,113.10.12,
21387388,Extinguishment of the delegated power,代理權之消滅,Erlöschen der Vollmacht {Ger.},,民法第108條,113.10.12,
21387390,Letter of authorization,授權書,Vollmachtsurkunde {Ger.},,民法第109條,113.10.12,
21387392,Void legal transaction,無效之法律行為,Nichtiges Rechtsgeschäft {Ger.},,民法第112條,113.10.12,
21387394,Being void from beginning,自始無效,Anfängliche Nichtigkeit {Ger.},,民法第114條,113.10.12,
21387396,Voidable legal transaction,得撤銷之法律行為,Anfechtbares Rechtsgeschäft {Ger.},,民法第114條,114.1.18,
21387398,ex tunc,溯及效力,Rückwirkung {Lat.},,民法第115條。,114.1.18,
21387400,Unauthorized person / Non-entitled person,無權利人,Nichtberechtigter {Ger.},,民法第118條,114.1.18,
21387401,Nichtberechtigter {Ger.},無權利人,,,民法第118條,114.1.18,
21387402,Unauthorized disposition / Non-entitled disposition,無權處分,Verfügung eines Nichtberechtigten {Ger.},,民法第118條,114.1.18,
21387404,Being valid from the beginning / Being valid ab initio,自始有效,Von Anfang an wirksam zu sein {Ger.},,民法第118條,114.1.18,
21387406,Refusal to perform / Refusal of performance,拒絕給付,Leistungsverweigerung {Ger.},,民法第144條,114.1.18,
21387409,Last day / End day,末日,Letzter Tag {Ger.},,民法第121條,114.3.15,
21387411,Dividend,紅利,Dividende {Ger.},,民法第126條,114.3.15,
21387413,Rent,租金,Ｍietzinse {Ger.},,民法第126條,114.3.15,
21387415,Pension,退職金,Ruhegehalte {Ger.},,民法第126條,114.3.15,
21387417,Claim for periodic payment / Claim for regular payment,定期給付債權,Regelmäßig wiederkehrende Leistungen {Ger.},,民法第126條,114.3.15,
21387419,Consumable / Consumable goods,消費物,Verbrauchbare Sache {Ger.},,民法第127條,114.3.15,
21387421,Fixed date,期日,Termine {Ger.},,民法第119條,114.1.18,
21387423,Natural disaster,天災,Naturkatastrophen {Ger.},,民法第139條,114.1.18,
21387425,Unavoidable grave incident,不可避之事變,Unabwendbarer Zufall {Ger.},,民法第139條,114.1.18,
21387427,Suspension of expiry of limitation period,時效不完成,Ablaufhemmung der Verjährung {Ger.},,民法第139條,114.1.18,
21387429,Expiry of limitation period,時效完成,Eintritt der Verjährung {Ger.},,民法第144條,114.1.18,
21387431,Suspension of limitation period,時效中斷；時效停止,Neubeginn der Verjährung {Ger.} / Fortlaufshemmung {Ger.} / Unterbrechung der Verjährung {Ger.},,民法第138條,114.3.15,
21387433,Main claim,主權利,Hauptanspruch {Ger.},,民法第146條,114.3.15,
21387435,Prohibition of abuse of rights,權利濫用禁止原則,Schikaneverbot {Ger.},,民法第148條，學理名詞,114.3.15,
21387437,Overriding clause,帝王條款,Höchstes Rechtsprinzip {Ger.},,民法第148條，學理名詞,114.3.15,
21387439,Principle of good faith,誠實與信用原則,Treu und Glauben {Ger.},,民法第148條,114.3.15,
21387442,Consent of the victim,被害人之承諾,Einwilligung des Verletzten {Ger.},,民法,114.3.15,
21387444,In the name of the principal,本人名義,Im Namen des Vertretenen {Ger.},,民法,114.4.12,
21387446,Bona fide counterparty,善意相對人,Gutgläubiger Vertragspartner {Ger.},,民法,114.4.12,
21387448,Right holder,有權利人,Berechtigter {Ger.},,民法,114.4.12,
21387450,Object of a right,權利標的物,Rechtsgegenstand {Ger.},,民法,114.4.12,
21387453,Demand procedure,督促程序,Mahnverfahren {Ger.},,民法,114.4.12,
21387455,Payment order,支付命令,Mahnbescheid {Ger.},,民法,114.4.12,
21387457,Compulsory enforcement / Compulsory execution,強制執行,Zwangsvollstreckung {Ger.},,民法,114.4.12,
21387460,Public interest,公共利益,Gemeinwohl {Ger.},,民法,114.4.12,
21387462,Essential element,必要之點,essentialia negotii {Lat.},,契約之必要之點，拉丁文,114.4.12,
21387464,Non-essential element,非必要之點,accidentalia negotii {Lat.},,拉丁文,114.4.12,
21387466,Invitation to offer,要約引誘,Aufforderung zur Offerte {Ger.} / invitatio ad offerendum {Lat.},,學理名詞,114.4.12,
21387468,Right to reimbursement,求償權,Rückgriff {Ger.},,民法第190條第2項,114.6.28,
21387471,Offer of Reward to the Public,懸賞廣告,Auslobung {Ger.},,民法第164條,114.6.28,
21387473,Conferment of authority / Grant of Authority,代理權之授與,Erteilung der Vollmacht {Ger.},,民法第167條,114.6.28,
21387476,Apparent authority,表見代理,Anscheinsvollmacht {Ger.},,學理名詞，對照民法第169條,114.6.28,
21387478,Necessary expenses,必要費用,Notwendige Verwendungen {Ger.},,民法第176條第1項,114.6.28,
21387480,Beneficial expenses / Useful expenses,有益費用,Nützliche Verwendungen {Ger.},,民法第176條第1項,114.6.28,
21387483,Unauthorized management as one's own affairs,不法管理,Angemaßte Eigengeschäftsführung {Ger.},,學理名詞，對照民法第177條第2項,114.6.28,
21387485,Without legal cause,無法律上之原因,Ohne rechtlichen Grund {Ger.},,民法第179條,114.6.28,
21387487,Illegal cause,不法之原因,Rechtswidriger Grund {Ger.},,民法第180條,114.6.28,
21387489,Gratuitous conveyance / Gratuitous transfer,無償讓與,Unentgeltliche Zuwendung {Ger.},,民法第183條,114.6.28,
21387491,Statute intended to protect another person,保護他人之法律,Gesetz zum Schutz Dritter {Ger.},,民法第184條第2項,114.6.28,
21387493,Jointly committed tort,共同侵權行為,Gemeinschaftlich begangene unerlaubte Handlung {Ger.},,民法第185條第1項,114.6.28,
21387495,Instigators,造意人,Anstifter {Ger.},,民法第185條第2項,114.6.28,
21387496,Anstifter {Ger.},造意人,,,民法第185條第2項,114.6.28,
21387497,Capacity to recognize one's responsibility,識別能力,Urteilsfähigkeit {Ger.} / Fähigkeit zur Erkenntnis der Verantwortlichkeit {Ger.},,民法第187條第1項,114.6.28,
21387499,Strict liability,危險責任,Gefährdungshaftung {Ger.},,學理上名詞,114.6.28,
21387500,Gefährdungshaftung {Ger.},危險責任,,,學理上名詞,114.6.28,
21387501,Possessor of an animal,動物占有人,Tierhalter {Ger.},,民法第190條第1項,114.6.28,
21387503,Manifestation of intention,意思實現,Willensbetätigung {Ger.},,學理名詞，對照民法第161條,114.4.12,
21387505,Agreed interest rate,約定利率,Vereinbarter Zinssatz {Ger.},,民法第204條、民法第233條,114.4.12,
21387507,Statutory interest rate,法定利率,Gesetzlicher Zinssatz {Ger.},,民法第233條,114.4.12,
21387509,Default liability,遲延責任,Verzugshaftung {Ger.},,民法第229條,114.4.12,
21387510,Verzugshaftung {Ger.},遲延責任,,,民法第229條,114.4.12,
21387511,Force majeure,不可抗力,Höhere Gewalt {Ger.},,民法第231條,114.4.12,
21387514,Refusal of acceptance,拒絕受領,Annahmeverweigerung {Ger.},,民法第234條,114.4.12,
21387516,Prevention of acceptance,不能受領,Annahmeverhinderung {Ger.},,民法第234條,114.4.12,
21387518,Slight negligence,輕過失,Leichte Fahrlässigkeit {Ger.},,法學名詞,114.4.12,
21387526,Understanding rule,了解主義,,,民法第94條，學理上名詞,113.06.29-1,
21387534,Scope of power of agency / Power of agency,代理權限,Vertretungsbefugnis {Ger.},,民法第103條，對內之代理權限制為Scope of power of agency，對外具有之代理權則是 Power of agency,113.08.17-2,
21387544,Start day / First day,始日,Anfangstag {Ger.},,民法第120條,114.3.15,
21387548,Resignation benefit,退職金,Rente {Ger.},,民法第126條,114.3.15,
21387563,Legal representative,法定代理人,Gesetzlicher Vertreter {Ger.},,民法第21條,112.07.15,
21387565,Insolvency,破產,Insolvenz {Ger.} / Bankrott {Ger.},,民法第35條,112.08.04,
21387570,Testamentary endowment,遺囑捐助,Stiftungsgeschäft von Testament {Ger.},,民法第60條,113.01.27-1,
21387571,Stiftungsgeschäft von Testament {Ger.},遺囑捐助,,,民法第60條,113.01.27-1,
21387581,Equivalent effect,同一效力,Gleichwirkung {Ger.},,民法第81條,113.03.09,
